name_1,name_2,effective_utilization,fidelity,depth_avg,depth_diff,depth_max,depth_ratio,depth_sum,m1_critical_depth,m1_depth,m1_entanglement_ratio,m1_liveness,m1_measurement,m1_num_clbits,m1_num_cnot_gates,m1_num_connected_components,m1_num_measurements,m1_num_nonlocal_gates,m1_num_qubits,m1_number_instructions,m1_parallelism,m1_program_communication,m2_critical_depth,m2_depth,m2_entanglement_ratio,m2_liveness,m2_measurement,m2_num_clbits,m2_num_cnot_gates,m2_num_connected_components,m2_num_measurements,m2_num_nonlocal_gates,m2_num_qubits,m2_number_instructions,m2_parallelism,m2_program_communication,num_cnot_gates_avg,num_cnot_gates_diff,num_cnot_gates_max,num_cnot_gates_ratio,num_cnot_gates_sum,num_measurements_avg,num_measurements_diff,num_measurements_max,num_measurements_ratio,num_measurements_sum,num_nonlocal_gates_avg,num_nonlocal_gates_diff,num_nonlocal_gates_max,num_nonlocal_gates_ratio,num_nonlocal_gates_sum,num_qubits_avg,num_qubits_diff,num_qubits_max,num_qubits_ratio,num_qubits_sum,number_instructions_avg,number_instructions_diff,number_instructions_max,number_instructions_ratio,number_instructions_sum,pair_index,pareto_rank,topk_orig,topk_new
GHZ-12,W-STATE-4,0.547008547008547,0.7917206106747099,11.0,4.0,13.0,0.6923076923076923,22.0,1.0,13.0,0.9166666666666666,0.2243589743589743,0.0,12.0,11.0,1.0,12.0,11.0,12.0,24.0,0.0,0.1666666666666666,0.6666666666666666,9.0,0.5,0.6111111111111112,0.0,4.0,3.0,1.0,4.0,6.0,4.0,16.0,0.25,0.5,7.0,8.0,11.0,0.2727272727272727,14.0,8.0,8.0,12.0,0.3333333333333333,16.0,8.5,5.0,11.0,0.5454545454545454,17.0,8.0,8.0,12.0,0.3333333333333333,16.0,20.0,8.0,24.0,0.6666666666666666,40.0,0,12,True,False
BV-4,BV-12,0.5432098765432098,0.8469985358711566,7.5,3.0,9.0,0.6666666666666666,15.0,1.0,6.0,0.2,0.625,0.0,4.0,2.0,3.0,3.0,2.0,4.0,13.0,0.4,0.3333333333333333,1.0,9.0,0.1724137931034483,0.4166666666666667,0.0,12.0,5.0,8.0,11.0,5.0,12.0,40.0,0.6896551724137931,0.0757575757575757,3.5,3.0,5.0,0.4,7.0,7.0,8.0,11.0,0.2727272727272727,14.0,3.5,3.0,5.0,0.4,7.0,8.0,8.0,12.0,0.3333333333333333,16.0,26.5,27.0,40.0,0.325,53.0,1,9,True,True
BV-12,QAOA-R3-4,0.3386243386243386,0.876487368749773,15.0,12.0,21.0,0.4285714285714285,30.0,1.0,9.0,0.1724137931034483,0.4166666666666667,0.0,12.0,5.0,8.0,11.0,5.0,12.0,40.0,0.6896551724137931,0.0757575757575757,1.0,21.0,0.4615384615384615,0.5,0.0,4.0,12.0,1.0,4.0,12.0,4.0,30.0,0.1923076923076923,1.0,8.5,7.0,12.0,0.4166666666666667,17.0,7.5,7.0,11.0,0.3636363636363636,15.0,8.5,7.0,12.0,0.4166666666666667,17.0,8.0,8.0,12.0,0.3333333333333333,16.0,35.0,10.0,40.0,0.75,70.0,2,19,False,False
QAOA-P1-6,W-STATE-10,0.5608465608465609,0.7967615396979288,19.5,3.0,21.0,0.8571428571428571,39.0,1.0,18.0,0.3703703703703703,0.3981481481481481,0.0,6.0,10.0,1.0,6.0,10.0,6.0,33.0,0.3333333333333333,0.3333333333333333,0.5555555555555556,21.0,0.5,0.3047619047619048,0.0,10.0,9.0,1.0,10.0,18.0,10.0,46.0,0.4166666666666666,0.2,9.5,1.0,10.0,0.9,19.0,8.0,4.0,10.0,0.6,16.0,14.0,8.0,18.0,0.5555555555555556,28.0,8.0,4.0,10.0,0.6,16.0,39.5,13.0,46.0,0.717391304347826,79.0,3,10,False,False
HS-1-4,VQE-1-12,0.5185185185185185,0.8313810053903811,10.5,7.0,14.0,0.5,21.0,1.0,7.0,0.2,0.7857142857142857,0.0,4.0,,1.0,4.0,3.0,4.0,19.0,0.5333333333333333,0.5,1.0,14.0,0.3142857142857143,0.3452380952380952,0.0,12.0,11.0,1.0,12.0,11.0,12.0,47.0,0.6,0.1666666666666666,5.5,11.0,11.0,0.0,11.0,8.0,8.0,12.0,0.3333333333333333,16.0,7.0,8.0,11.0,0.2727272727272727,14.0,8.0,8.0,12.0,0.3333333333333333,16.0,33.0,28.0,47.0,0.4042553191489361,66.0,4,16,False,False
HS-1-12,QAOA-R3-4,0.4656084656084656,0.9291944863396076,18.0,6.0,21.0,0.7142857142857143,36.0,1.0,15.0,0.2340425531914893,0.3888888888888889,0.0,12.0,,1.0,12.0,11.0,12.0,59.0,0.6808510638297872,0.1666666666666666,1.0,21.0,0.4615384615384615,0.5,0.0,4.0,12.0,1.0,4.0,12.0,4.0,30.0,0.1923076923076923,1.0,6.0,12.0,12.0,0.0,12.0,8.0,8.0,12.0,0.3333333333333333,16.0,11.5,1.0,12.0,0.9166666666666666,23.0,8.0,8.0,12.0,0.3333333333333333,16.0,44.5,29.0,59.0,0.5084745762711864,89.0,5,9,False,False
GHZ-4,GHZ-12,0.5014245014245015,0.7947123114789257,9.0,8.0,13.0,0.3846153846153846,18.0,1.0,5.0,0.75,0.55,0.0,4.0,3.0,1.0,4.0,3.0,4.0,8.0,0.0,0.5,1.0,13.0,0.9166666666666666,0.2243589743589743,0.0,12.0,11.0,1.0,12.0,11.0,12.0,24.0,0.0,0.1666666666666666,7.0,8.0,11.0,0.2727272727272727,14.0,8.0,8.0,12.0,0.3333333333333333,16.0,7.0,8.0,11.0,0.2727272727272727,14.0,8.0,8.0,12.0,0.3333333333333333,16.0,16.0,16.0,24.0,0.3333333333333333,32.0,6,21,True,False
HS-1-10,QAOA-R3-6,0.4514991181657848,0.9511194135532244,17.0,8.0,21.0,0.6190476190476191,34.0,1.0,13.0,0.2307692307692307,0.4461538461538462,0.0,10.0,,1.0,10.0,9.0,10.0,49.0,0.6666666666666667,0.2,0.6666666666666666,21.0,0.4615384615384615,0.5,0.0,6.0,18.0,1.0,6.0,18.0,6.0,45.0,0.4615384615384615,0.6,9.0,18.0,18.0,0.0,18.0,8.0,4.0,10.0,0.6,16.0,13.5,9.0,18.0,0.5,27.0,8.0,4.0,10.0,0.6,16.0,47.0,4.0,49.0,0.9183673469387756,94.0,7,6,False,False
HS-1-12,TL-1-4,0.5135802469135803,0.92895338601486,11.0,8.0,15.0,0.4666666666666667,22.0,1.0,15.0,0.2340425531914893,0.3888888888888889,0.0,12.0,,1.0,12.0,11.0,12.0,59.0,0.6808510638297872,0.1666666666666666,1.0,7.0,0.3333333333333333,0.7142857142857143,0.0,4.0,,1.0,4.0,4.0,4.0,16.0,0.4166666666666666,0.6666666666666666,0.0,0.0,0.0,1.0,0.0,8.0,8.0,12.0,0.3333333333333333,16.0,7.5,7.0,11.0,0.3636363636363636,15.0,8.0,8.0,12.0,0.3333333333333333,16.0,37.5,43.0,59.0,0.2711864406779661,75.0,8,8,False,False
BV-4,VQE-1-12,0.5079365079365079,0.8006954612005857,10.0,8.0,14.0,0.4285714285714285,20.0,1.0,6.0,0.2,0.625,0.0,4.0,2.0,3.0,3.0,2.0,4.0,13.0,0.4,0.3333333333333333,1.0,14.0,0.3142857142857143,0.3452380952380952,0.0,12.0,11.0,1.0,12.0,11.0,12.0,47.0,0.6,0.1666666666666666,6.5,9.0,11.0,0.1818181818181818,13.0,7.5,9.0,12.0,0.25,15.0,6.5,9.0,11.0,0.1818181818181818,13.0,8.0,8.0,12.0,0.3333333333333333,16.0,30.0,34.0,47.0,0.2765957446808511,60.0,9,20,True,True
BV-10,QAOA-R3-6,0.3985890652557319,0.85107277994225,15.5,11.0,21.0,0.4761904761904761,31.0,1.0,10.0,0.2307692307692307,0.41,0.0,10.0,6.0,5.0,9.0,6.0,10.0,35.0,0.6153846153846154,0.1333333333333333,0.6666666666666666,21.0,0.4615384615384615,0.5,0.0,6.0,18.0,1.0,6.0,18.0,6.0,45.0,0.4615384615384615,0.6,12.0,12.0,18.0,0.3333333333333333,24.0,7.5,3.0,9.0,0.6666666666666666,15.0,12.0,12.0,18.0,0.3333333333333333,24.0,8.0,4.0,10.0,0.6,16.0,40.0,10.0,45.0,0.7777777777777778,80.0,10,24,False,False
TL-1-6,W-STATE-10,0.4656084656084656,0.8011634431253629,15.0,12.0,21.0,0.4285714285714285,30.0,1.0,9.0,0.3333333333333333,0.5555555555555556,0.0,6.0,,1.0,6.0,6.0,6.0,24.0,0.5,0.4,0.5555555555555556,21.0,0.5,0.3047619047619048,0.0,10.0,9.0,1.0,10.0,18.0,10.0,46.0,0.4166666666666666,0.2,4.5,9.0,9.0,0.0,9.0,8.0,4.0,10.0,0.6,16.0,12.0,12.0,18.0,0.3333333333333333,24.0,8.0,4.0,10.0,0.6,16.0,35.0,22.0,46.0,0.5217391304347826,70.0,11,30,False,False
QAOA-R3-10,TL-1-6,0.437037037037037,0.9161775779472452,19.5,21.0,30.0,0.3,39.0,0.6,30.0,0.4615384615384615,0.35,0.0,10.0,30.0,1.0,10.0,30.0,10.0,75.0,0.5384615384615384,0.3333333333333333,1.0,9.0,0.3333333333333333,0.5555555555555556,0.0,6.0,,1.0,6.0,6.0,6.0,24.0,0.5,0.4,15.0,30.0,30.0,0.0,30.0,8.0,4.0,10.0,0.6,16.0,18.0,24.0,30.0,0.2,36.0,8.0,4.0,10.0,0.6,16.0,49.5,51.0,75.0,0.32,99.0,12,12,False,False
QSVM-10,TL-1-6,0.4573268921095008,0.9091471476125064,16.0,14.0,23.0,0.391304347826087,32.0,1.0,23.0,0.3103448275862069,0.3739130434782609,0.0,10.0,,1.0,10.0,18.0,10.0,68.0,0.603448275862069,0.2,1.0,9.0,0.3333333333333333,0.5555555555555556,0.0,6.0,,1.0,6.0,6.0,6.0,24.0,0.5,0.4,0.0,0.0,0.0,1.0,0.0,8.0,4.0,10.0,0.6,16.0,12.0,12.0,18.0,0.3333333333333333,24.0,8.0,4.0,10.0,0.6,16.0,46.0,44.0,68.0,0.3529411764705882,92.0,13,12,False,False
QSVM-8,VQE-1-8,0.45224171539961,0.8643041455837821,14.5,9.0,19.0,0.5263157894736842,29.0,1.0,19.0,0.3043478260869565,0.4473684210526316,0.0,8.0,,1.0,8.0,14.0,8.0,54.0,0.5869565217391304,0.25,1.0,10.0,0.3043478260869565,0.475,0.0,8.0,7.0,1.0,8.0,7.0,8.0,31.0,0.5652173913043479,0.25,3.5,7.0,7.0,0.0,7.0,8.0,0.0,8.0,1.0,16.0,10.5,7.0,14.0,0.5,21.0,8.0,0.0,8.0,1.0,16.0,42.5,23.0,54.0,0.5740740740740741,85.0,14,20,False,False
HS-1-6,QAOA-R3-10,0.437037037037037,0.9254533119730726,19.5,21.0,30.0,0.3,39.0,1.0,9.0,0.217391304347826,0.6296296296296297,0.0,6.0,,1.0,6.0,5.0,6.0,29.0,0.6086956521739131,0.3333333333333333,0.6,30.0,0.4615384615384615,0.35,0.0,10.0,30.0,1.0,10.0,30.0,10.0,75.0,0.5384615384615384,0.3333333333333333,15.0,30.0,30.0,0.0,30.0,8.0,4.0,10.0,0.6,16.0,17.5,25.0,30.0,0.1666666666666666,35.0,8.0,4.0,10.0,0.6,16.0,52.0,46.0,75.0,0.3866666666666666,104.0,15,11,False,False
QAOA-P1-12,W-STATE-4,0.4814814814814814,0.7827296163701436,22.5,27.0,36.0,0.25,45.0,0.55,36.0,0.4761904761904761,0.3148148148148148,0.0,12.0,40.0,1.0,12.0,40.0,12.0,96.0,0.5714285714285714,0.303030303030303,0.6666666666666666,9.0,0.5,0.6111111111111112,0.0,4.0,3.0,1.0,4.0,6.0,4.0,16.0,0.25,0.5,21.5,37.0,40.0,0.075,43.0,8.0,8.0,12.0,0.3333333333333333,16.0,23.0,34.0,40.0,0.15,46.0,8.0,8.0,12.0,0.3333333333333333,16.0,56.0,80.0,96.0,0.1666666666666666,112.0,16,24,False,False
QAOA-R3-12,VQE-1-4,0.4773662551440329,0.8161815740010815,16.5,21.0,27.0,0.2222222222222222,33.0,0.4444444444444444,27.0,0.4615384615384615,0.3888888888888889,0.0,12.0,36.0,1.0,12.0,36.0,12.0,90.0,0.6538461538461539,0.2727272727272727,1.0,6.0,0.2727272727272727,0.75,0.0,4.0,3.0,1.0,4.0,3.0,4.0,15.0,0.4545454545454546,0.5,19.5,33.0,36.0,0.0833333333333333,39.0,8.0,8.0,12.0,0.3333333333333333,16.0,19.5,33.0,36.0,0.0833333333333333,39.0,8.0,8.0,12.0,0.3333333333333333,16.0,52.5,75.0,90.0,0.1666666666666666,105.0,17,26,False,False
HS-1-6,W-STATE-10,0.4656084656084656,0.8123690273428863,15.0,12.0,21.0,0.4285714285714285,30.0,1.0,9.0,0.217391304347826,0.6296296296296297,0.0,6.0,,1.0,6.0,5.0,6.0,29.0,0.6086956521739131,0.3333333333333333,0.5555555555555556,21.0,0.5,0.3047619047619048,0.0,10.0,9.0,1.0,10.0,18.0,10.0,46.0,0.4166666666666666,0.2,4.5,9.0,9.0,0.0,9.0,8.0,4.0,10.0,0.6,16.0,11.5,13.0,18.0,0.2777777777777778,23.0,8.0,4.0,10.0,0.6,16.0,37.5,17.0,46.0,0.6304347826086957,75.0,18,29,False,False
BV-4,GHZ-12,0.5128205128205129,0.8105156453381738,9.5,7.0,13.0,0.4615384615384615,19.0,1.0,6.0,0.2,0.625,0.0,4.0,2.0,3.0,3.0,2.0,4.0,13.0,0.4,0.3333333333333333,1.0,13.0,0.9166666666666666,0.2243589743589743,0.0,12.0,11.0,1.0,12.0,11.0,12.0,24.0,0.0,0.1666666666666666,6.5,9.0,11.0,0.1818181818181818,13.0,7.5,9.0,12.0,0.25,15.0,6.5,9.0,11.0,0.1818181818181818,13.0,8.0,8.0,12.0,0.3333333333333333,16.0,18.5,11.0,24.0,0.5416666666666666,37.0,19,19,False,False
BV-6,QAOA-R3-10,0.4296296296296296,0.8701998195258591,19.0,22.0,30.0,0.2666666666666666,38.0,1.0,8.0,0.25,0.5208333333333334,0.0,6.0,4.0,3.0,5.0,4.0,6.0,21.0,0.5,0.2666666666666666,0.6,30.0,0.4615384615384615,0.35,0.0,10.0,30.0,1.0,10.0,30.0,10.0,75.0,0.5384615384615384,0.3333333333333333,17.0,26.0,30.0,0.1333333333333333,34.0,7.5,5.0,10.0,0.5,15.0,17.0,26.0,30.0,0.1333333333333333,34.0,8.0,4.0,10.0,0.6,16.0,48.0,54.0,75.0,0.28,96.0,20,19,False,False
BV-12,HS-1-4,0.5596707818930041,0.8828600195430014,8.0,2.0,9.0,0.7777777777777778,16.0,1.0,9.0,0.1724137931034483,0.4166666666666667,0.0,12.0,5.0,8.0,11.0,5.0,12.0,40.0,0.6896551724137931,0.0757575757575757,1.0,7.0,0.2,0.7857142857142857,0.0,4.0,,1.0,4.0,3.0,4.0,19.0,0.5333333333333333,0.5,2.5,5.0,5.0,0.0,5.0,7.5,7.0,11.0,0.3636363636363636,15.0,4.0,2.0,5.0,0.6,8.0,8.0,8.0,12.0,0.3333333333333333,16.0,29.5,21.0,40.0,0.475,59.0,21,5,True,True
GHZ-10,HS-1-6,0.5521885521885522,0.863554754576351,10.0,2.0,11.0,0.8181818181818182,20.0,1.0,11.0,0.9,0.2636363636363636,0.0,10.0,9.0,1.0,10.0,9.0,10.0,20.0,0.0,0.2,1.0,9.0,0.217391304347826,0.6296296296296297,0.0,6.0,,1.0,6.0,5.0,6.0,29.0,0.6086956521739131,0.3333333333333333,4.5,9.0,9.0,0.0,9.0,8.0,4.0,10.0,0.6,16.0,7.0,4.0,9.0,0.5555555555555556,14.0,8.0,4.0,10.0,0.6,16.0,24.5,9.0,29.0,0.6896551724137931,49.0,22,7,False,False
GHZ-6,GHZ-10,0.5117845117845118,0.8107350923367855,9.0,4.0,11.0,0.6363636363636364,18.0,1.0,7.0,0.8333333333333334,0.4047619047619047,0.0,6.0,5.0,1.0,6.0,5.0,6.0,12.0,0.0,0.3333333333333333,1.0,11.0,0.9,0.2636363636363636,0.0,10.0,9.0,1.0,10.0,9.0,10.0,20.0,0.0,0.2,7.0,4.0,9.0,0.5555555555555556,14.0,8.0,4.0,10.0,0.6,16.0,7.0,4.0,9.0,0.5555555555555556,14.0,8.0,4.0,10.0,0.6,16.0,16.0,8.0,20.0,0.6,32.0,23,19,True,False
BV-4,TL-1-12,0.5037037037037037,0.8791423268688001,10.5,9.0,15.0,0.4,21.0,1.0,6.0,0.2,0.625,0.0,4.0,2.0,3.0,3.0,2.0,4.0,13.0,0.4,0.3333333333333333,1.0,15.0,0.3333333333333333,0.3333333333333333,0.0,12.0,,1.0,12.0,12.0,12.0,48.0,0.5833333333333333,0.1818181818181818,1.0,2.0,2.0,0.0,2.0,7.5,9.0,12.0,0.25,15.0,7.0,10.0,12.0,0.1666666666666666,14.0,8.0,8.0,12.0,0.3333333333333333,16.0,30.5,35.0,48.0,0.2708333333333333,61.0,24,16,True,False
BV-12,VQE-1-4,0.5432098765432098,0.8365666178623721,7.5,3.0,9.0,0.6666666666666666,15.0,1.0,9.0,0.1724137931034483,0.4166666666666667,0.0,12.0,5.0,8.0,11.0,5.0,12.0,40.0,0.6896551724137931,0.0757575757575757,1.0,6.0,0.2727272727272727,0.75,0.0,4.0,3.0,1.0,4.0,3.0,4.0,15.0,0.4545454545454546,0.5,4.0,2.0,5.0,0.6,8.0,7.5,7.0,11.0,0.3636363636363636,15.0,4.0,2.0,5.0,0.6,8.0,8.0,8.0,12.0,0.3333333333333333,16.0,27.5,25.0,40.0,0.375,55.0,25,10,True,True
QAOA-R3-4,W-STATE-12,0.5688888888888889,0.7830152404727329,23.0,4.0,25.0,0.84,46.0,1.0,21.0,0.4615384615384615,0.5,0.0,4.0,12.0,1.0,4.0,12.0,4.0,30.0,0.1923076923076923,1.0,0.5454545454545454,25.0,0.5,0.26,0.0,12.0,11.0,1.0,12.0,22.0,12.0,56.0,0.4318181818181817,0.1666666666666666,11.5,1.0,12.0,0.9166666666666666,23.0,8.0,8.0,12.0,0.3333333333333333,16.0,17.0,10.0,22.0,0.5454545454545454,34.0,8.0,8.0,12.0,0.3333333333333333,16.0,43.0,26.0,56.0,0.5357142857142857,86.0,26,8,True,False
HS-1-10,TL-1-6,0.5242165242165242,0.9504528840393776,11.0,4.0,13.0,0.6923076923076923,22.0,1.0,13.0,0.2307692307692307,0.4461538461538462,0.0,10.0,,1.0,10.0,9.0,10.0,49.0,0.6666666666666667,0.2,1.0,9.0,0.3333333333333333,0.5555555555555556,0.0,6.0,,1.0,6.0,6.0,6.0,24.0,0.5,0.4,0.0,0.0,0.0,1.0,0.0,8.0,4.0,10.0,0.6,16.0,7.5,3.0,9.0,0.6666666666666666,15.0,8.0,4.0,10.0,0.6,16.0,36.5,25.0,49.0,0.4897959183673469,73.0,27,5,False,False
HS-1-12,QSVM-4,0.5530864197530864,0.9318215236101812,13.0,4.0,15.0,0.7333333333333333,26.0,1.0,15.0,0.2340425531914893,0.3888888888888889,0.0,12.0,,1.0,12.0,11.0,12.0,59.0,0.6808510638297872,0.1666666666666666,1.0,11.0,0.2727272727272727,0.7272727272727273,0.0,4.0,,1.0,4.0,6.0,4.0,26.0,0.5,0.5,0.0,0.0,0.0,1.0,0.0,8.0,8.0,12.0,0.3333333333333333,16.0,8.5,5.0,11.0,0.5454545454545454,17.0,8.0,8.0,12.0,0.3333333333333333,16.0,42.5,33.0,59.0,0.4406779661016949,85.0,28,3,True,True
BV-12,W-STATE-4,0.5925925925925926,0.8314421669106882,9.0,0.0,9.0,1.0,18.0,1.0,9.0,0.1724137931034483,0.4166666666666667,0.0,12.0,5.0,8.0,11.0,5.0,12.0,40.0,0.6896551724137931,0.0757575757575757,0.6666666666666666,9.0,0.5,0.6111111111111112,0.0,4.0,3.0,1.0,4.0,6.0,4.0,16.0,0.25,0.5,4.0,2.0,5.0,0.6,8.0,7.5,7.0,11.0,0.3636363636363636,15.0,5.5,1.0,6.0,0.8333333333333334,11.0,8.0,8.0,12.0,0.3333333333333333,16.0,28.0,24.0,40.0,0.4,56.0,29,5,False,True
QSVM-4,QSVM-12,0.50480109739369,0.8456173029285028,19.0,16.0,27.0,0.4074074074074074,38.0,1.0,11.0,0.2727272727272727,0.7272727272727273,0.0,4.0,,1.0,4.0,6.0,4.0,26.0,0.5,0.5,1.0,27.0,0.3142857142857143,0.3209876543209876,0.0,12.0,,1.0,12.0,22.0,12.0,82.0,0.6142857142857143,0.1666666666666666,0.0,0.0,0.0,1.0,0.0,8.0,8.0,12.0,0.3333333333333333,16.0,14.0,16.0,22.0,0.2727272727272727,28.0,8.0,8.0,12.0,0.3333333333333333,16.0,54.0,56.0,82.0,0.3170731707317073,108.0,30,17,False,False
BV-8,TL-1-8,0.5117845117845117,0.9145782162188588,9.5,3.0,11.0,0.7272727272727273,19.0,1.0,8.0,0.2,0.484375,0.0,8.0,4.0,5.0,7.0,4.0,8.0,27.0,0.6,0.1428571428571428,1.0,11.0,0.3333333333333333,0.4545454545454545,0.0,8.0,,1.0,8.0,8.0,8.0,32.0,0.5416666666666667,0.2857142857142857,2.0,4.0,4.0,0.0,4.0,7.5,1.0,8.0,0.875,15.0,6.0,4.0,8.0,0.5,12.0,8.0,0.0,8.0,1.0,16.0,29.5,5.0,32.0,0.84375,59.0,31,10,False,True
BV-6,GHZ-10,0.531986531986532,0.804461690644328,9.5,3.0,11.0,0.7272727272727273,19.0,1.0,8.0,0.25,0.5208333333333334,0.0,6.0,4.0,3.0,5.0,4.0,6.0,21.0,0.5,0.2666666666666666,1.0,11.0,0.9,0.2636363636363636,0.0,10.0,9.0,1.0,10.0,9.0,10.0,20.0,0.0,0.2,6.5,5.0,9.0,0.4444444444444444,13.0,7.5,5.0,10.0,0.5,15.0,6.5,5.0,9.0,0.4444444444444444,13.0,8.0,4.0,10.0,0.6,16.0,20.5,1.0,21.0,0.9523809523809524,41.0,32,14,False,False
TL-1-4,W-STATE-12,0.4859259259259259,0.7756742725657388,16.0,18.0,25.0,0.28,32.0,1.0,7.0,0.3333333333333333,0.7142857142857143,0.0,4.0,,1.0,4.0,4.0,4.0,16.0,0.4166666666666666,0.6666666666666666,0.5454545454545454,25.0,0.5,0.26,0.0,12.0,11.0,1.0,12.0,22.0,12.0,56.0,0.4318181818181817,0.1666666666666666,5.5,11.0,11.0,0.0,11.0,8.0,8.0,12.0,0.3333333333333333,16.0,13.0,18.0,22.0,0.1818181818181818,26.0,8.0,8.0,12.0,0.3333333333333333,16.0,36.0,40.0,56.0,0.2857142857142857,72.0,33,24,False,False
QAOA-R3-4,VQE-1-12,0.4444444444444444,0.8306627683755199,17.5,7.0,21.0,0.6666666666666666,35.0,1.0,21.0,0.4615384615384615,0.5,0.0,4.0,12.0,1.0,4.0,12.0,4.0,30.0,0.1923076923076923,1.0,1.0,14.0,0.3142857142857143,0.3452380952380952,0.0,12.0,11.0,1.0,12.0,11.0,12.0,47.0,0.6,0.1666666666666666,11.5,1.0,12.0,0.9166666666666666,23.0,8.0,8.0,12.0,0.3333333333333333,16.0,11.5,1.0,12.0,0.9166666666666666,23.0,8.0,8.0,12.0,0.3333333333333333,16.0,38.5,17.0,47.0,0.6382978723404256,77.0,34,25,False,False
BV-10,HS-1-6,0.5703703703703704,0.860946646271469,9.5,1.0,10.0,0.9,19.0,1.0,10.0,0.2307692307692307,0.41,0.0,10.0,6.0,5.0,9.0,6.0,10.0,35.0,0.6153846153846154,0.1333333333333333,1.0,9.0,0.217391304347826,0.6296296296296297,0.0,6.0,,1.0,6.0,5.0,6.0,29.0,0.6086956521739131,0.3333333333333333,3.0,6.0,6.0,0.0,6.0,7.5,3.0,9.0,0.6666666666666666,15.0,5.5,1.0,6.0,0.8333333333333334,11.0,8.0,4.0,10.0,0.6,16.0,32.0,6.0,35.0,0.8285714285714286,64.0,35,5,True,True
VQE-1-6,W-STATE-10,0.455026455026455,0.7464006578416512,14.5,13.0,21.0,0.3809523809523809,29.0,1.0,8.0,0.2941176470588235,0.5833333333333334,0.0,6.0,5.0,1.0,6.0,5.0,6.0,23.0,0.5294117647058824,0.3333333333333333,0.5555555555555556,21.0,0.5,0.3047619047619048,0.0,10.0,9.0,1.0,10.0,18.0,10.0,46.0,0.4166666666666666,0.2,7.0,4.0,9.0,0.5555555555555556,14.0,8.0,4.0,10.0,0.6,16.0,11.5,13.0,18.0,0.2777777777777778,23.0,8.0,4.0,10.0,0.6,16.0,34.5,23.0,46.0,0.5,69.0,36,33,False,False
QSVM-8,W-STATE-8,0.5614035087719298,0.8542065293970466,18.0,2.0,19.0,0.8947368421052632,36.0,1.0,19.0,0.3043478260869565,0.4473684210526316,0.0,8.0,,1.0,8.0,14.0,8.0,54.0,0.5869565217391304,0.25,0.5714285714285714,17.0,0.5,0.3676470588235294,0.0,8.0,7.0,1.0,8.0,14.0,8.0,36.0,0.3928571428571429,0.25,3.5,7.0,7.0,0.0,7.0,8.0,0.0,8.0,1.0,16.0,14.0,0.0,14.0,1.0,28.0,8.0,0.0,8.0,1.0,16.0,45.0,18.0,54.0,0.6666666666666666,90.0,37,6,False,False
GHZ-6,QAOA-R3-10,0.4222222222222222,0.8711510992355362,18.5,23.0,30.0,0.2333333333333333,37.0,1.0,7.0,0.8333333333333334,0.4047619047619047,0.0,6.0,5.0,1.0,6.0,5.0,6.0,12.0,0.0,0.3333333333333333,0.6,30.0,0.4615384615384615,0.35,0.0,10.0,30.0,1.0,10.0,30.0,10.0,75.0,0.5384615384615384,0.3333333333333333,17.5,25.0,30.0,0.1666666666666666,35.0,8.0,4.0,10.0,0.6,16.0,17.5,25.0,30.0,0.1666666666666666,35.0,8.0,4.0,10.0,0.6,16.0,43.5,63.0,75.0,0.16,87.0,38,19,False,False
BV-6,QSVM-10,0.4476650563607085,0.8582146411076399,15.5,15.0,23.0,0.3478260869565217,31.0,1.0,8.0,0.25,0.5208333333333334,0.0,6.0,4.0,3.0,5.0,4.0,6.0,21.0,0.5,0.2666666666666666,1.0,23.0,0.3103448275862069,0.3739130434782609,0.0,10.0,,1.0,10.0,18.0,10.0,68.0,0.603448275862069,0.2,2.0,4.0,4.0,0.0,4.0,7.5,5.0,10.0,0.5,15.0,11.0,14.0,18.0,0.2222222222222222,22.0,8.0,4.0,10.0,0.6,16.0,44.5,47.0,68.0,0.3088235294117647,89.0,39,22,False,False
QSVM-10,VQE-1-6,0.4476650563607085,0.8588336882210803,15.5,15.0,23.0,0.3478260869565217,31.0,1.0,23.0,0.3103448275862069,0.3739130434782609,0.0,10.0,,1.0,10.0,18.0,10.0,68.0,0.603448275862069,0.2,1.0,8.0,0.2941176470588235,0.5833333333333334,0.0,6.0,5.0,1.0,6.0,5.0,6.0,23.0,0.5294117647058824,0.3333333333333333,2.5,5.0,5.0,0.0,5.0,8.0,4.0,10.0,0.6,16.0,11.5,13.0,18.0,0.2777777777777778,23.0,8.0,4.0,10.0,0.6,16.0,45.5,45.0,68.0,0.3382352941176471,91.0,40,21,False,False
BV-10,GHZ-6,0.5259259259259259,0.7969736391960259,8.5,3.0,10.0,0.7,17.0,1.0,10.0,0.2307692307692307,0.41,0.0,10.0,6.0,5.0,9.0,6.0,10.0,35.0,0.6153846153846154,0.1333333333333333,1.0,7.0,0.8333333333333334,0.4047619047619047,0.0,6.0,5.0,1.0,6.0,5.0,6.0,12.0,0.0,0.3333333333333333,5.5,1.0,6.0,0.8333333333333334,11.0,7.5,3.0,9.0,0.6666666666666666,15.0,5.5,1.0,6.0,0.8333333333333334,11.0,8.0,4.0,10.0,0.6,16.0,23.5,23.0,35.0,0.3428571428571428,47.0,41,15,False,False
HS-1-10,VQE-1-6,0.5071225071225072,0.8977561925723128,10.5,5.0,13.0,0.6153846153846154,21.0,1.0,13.0,0.2307692307692307,0.4461538461538462,0.0,10.0,,1.0,10.0,9.0,10.0,49.0,0.6666666666666667,0.2,1.0,8.0,0.2941176470588235,0.5833333333333334,0.0,6.0,5.0,1.0,6.0,5.0,6.0,23.0,0.5294117647058824,0.3333333333333333,2.5,5.0,5.0,0.0,5.0,8.0,4.0,10.0,0.6,16.0,7.0,4.0,9.0,0.5555555555555556,14.0,8.0,4.0,10.0,0.6,16.0,36.0,26.0,49.0,0.4693877551020408,72.0,42,13,False,False
GHZ-8,VQE-1-8,0.5629629629629629,0.8003266456955511,9.5,1.0,10.0,0.9,19.0,1.0,9.0,0.875,0.3194444444444444,0.0,8.0,7.0,1.0,8.0,7.0,8.0,16.0,0.0,0.25,1.0,10.0,0.3043478260869565,0.475,0.0,8.0,7.0,1.0,8.0,7.0,8.0,31.0,0.5652173913043479,0.25,7.0,0.0,7.0,1.0,14.0,8.0,0.0,8.0,1.0,16.0,7.0,0.0,7.0,1.0,14.0,8.0,0.0,8.0,1.0,16.0,23.5,15.0,31.0,0.5161290322580645,47.0,43,9,False,False
VQE-1-8,W-STATE-8,0.4705882352941176,0.7758662762323085,13.5,7.0,17.0,0.5882352941176471,27.0,1.0,10.0,0.3043478260869565,0.475,0.0,8.0,7.0,1.0,8.0,7.0,8.0,31.0,0.5652173913043479,0.25,0.5714285714285714,17.0,0.5,0.3676470588235294,0.0,8.0,7.0,1.0,8.0,14.0,8.0,36.0,0.3928571428571429,0.25,7.0,0.0,7.0,1.0,14.0,8.0,0.0,8.0,1.0,16.0,10.5,7.0,14.0,0.5,21.0,8.0,0.0,8.0,1.0,16.0,33.5,5.0,36.0,0.8611111111111112,67.0,44,29,False,False
GHZ-12,QSVM-4,0.5698005698005698,0.8372506967862667,12.0,2.0,13.0,0.8461538461538461,24.0,1.0,13.0,0.9166666666666666,0.2243589743589743,0.0,12.0,11.0,1.0,12.0,11.0,12.0,24.0,0.0,0.1666666666666666,1.0,11.0,0.2727272727272727,0.7272727272727273,0.0,4.0,,1.0,4.0,6.0,4.0,26.0,0.5,0.5,5.5,11.0,11.0,0.0,11.0,8.0,8.0,12.0,0.3333333333333333,16.0,8.5,5.0,11.0,0.5454545454545454,17.0,8.0,8.0,12.0,0.3333333333333333,16.0,25.0,2.0,26.0,0.9230769230769232,50.0,45,7,False,False
QAOA-P1-12,QSVM-4,0.4897119341563785,0.8198675436050376,23.5,25.0,36.0,0.3055555555555556,47.0,0.55,36.0,0.4761904761904761,0.3148148148148148,0.0,12.0,40.0,1.0,12.0,40.0,12.0,96.0,0.5714285714285714,0.303030303030303,1.0,11.0,0.2727272727272727,0.7272727272727273,0.0,4.0,,1.0,4.0,6.0,4.0,26.0,0.5,0.5,20.0,40.0,40.0,0.0,40.0,8.0,8.0,12.0,0.3333333333333333,16.0,23.0,34.0,40.0,0.15,46.0,8.0,8.0,12.0,0.3333333333333333,16.0,61.0,70.0,96.0,0.2708333333333333,122.0,46,20,False,False
GHZ-12,TL-1-4,0.5242165242165242,0.8346644589283614,10.0,6.0,13.0,0.5384615384615384,20.0,1.0,13.0,0.9166666666666666,0.2243589743589743,0.0,12.0,11.0,1.0,12.0,11.0,12.0,24.0,0.0,0.1666666666666666,1.0,7.0,0.3333333333333333,0.7142857142857143,0.0,4.0,,1.0,4.0,4.0,4.0,16.0,0.4166666666666666,0.6666666666666666,5.5,11.0,11.0,0.0,11.0,8.0,8.0,12.0,0.3333333333333333,16.0,7.5,7.0,11.0,0.3636363636363636,15.0,8.0,8.0,12.0,0.3333333333333333,16.0,20.0,8.0,24.0,0.6666666666666666,40.0,47,14,False,False
QAOA-P1-8,QSVM-8,0.5769980506822612,0.9575026726377706,18.5,1.0,19.0,0.9473684210526316,37.0,0.7142857142857143,18.0,0.3783783783783784,0.4097222222222222,0.0,8.0,14.0,1.0,8.0,14.0,8.0,45.0,0.5135135135135135,0.25,1.0,19.0,0.3043478260869565,0.4473684210526316,0.0,8.0,,1.0,8.0,14.0,8.0,54.0,0.5869565217391304,0.25,7.0,14.0,14.0,0.0,14.0,8.0,0.0,8.0,1.0,16.0,14.0,0.0,14.0,1.0,28.0,8.0,0.0,8.0,1.0,16.0,49.5,9.0,54.0,0.8333333333333334,99.0,48,2,False,False
BV-8,QSVM-8,0.4210526315789473,0.9034996599899876,13.5,11.0,19.0,0.4210526315789473,27.0,1.0,8.0,0.2,0.484375,0.0,8.0,4.0,5.0,7.0,4.0,8.0,27.0,0.6,0.1428571428571428,1.0,19.0,0.3043478260869565,0.4473684210526316,0.0,8.0,,1.0,8.0,14.0,8.0,54.0,0.5869565217391304,0.25,2.0,4.0,4.0,0.0,4.0,7.5,1.0,8.0,0.875,15.0,9.0,10.0,14.0,0.2857142857142857,18.0,8.0,0.0,8.0,1.0,16.0,40.5,27.0,54.0,0.5,81.0,49,15,False,False
QAOA-R3-4,QAOA-R3-12,0.5596707818930041,0.8568547994207328,24.0,6.0,27.0,0.7777777777777778,48.0,1.0,21.0,0.4615384615384615,0.5,0.0,4.0,12.0,1.0,4.0,12.0,4.0,30.0,0.1923076923076923,1.0,0.4444444444444444,27.0,0.4615384615384615,0.3888888888888889,0.0,12.0,36.0,1.0,12.0,36.0,12.0,90.0,0.6538461538461539,0.2727272727272727,24.0,24.0,36.0,0.3333333333333333,48.0,8.0,8.0,12.0,0.3333333333333333,16.0,24.0,24.0,36.0,0.3333333333333333,48.0,8.0,8.0,12.0,0.3333333333333333,16.0,60.0,60.0,90.0,0.3333333333333333,120.0,50,7,False,False
VQE-1-6,VQE-1-10,0.5185185185185185,0.8185831809708868,10.0,4.0,12.0,0.6666666666666666,20.0,1.0,8.0,0.2941176470588235,0.5833333333333334,0.0,6.0,5.0,1.0,6.0,5.0,6.0,23.0,0.5294117647058824,0.3333333333333333,1.0,12.0,0.3103448275862069,0.4,0.0,10.0,9.0,1.0,10.0,9.0,10.0,39.0,0.5862068965517242,0.2,7.0,4.0,9.0,0.5555555555555556,14.0,8.0,4.0,10.0,0.6,16.0,7.0,4.0,9.0,0.5555555555555556,14.0,8.0,4.0,10.0,0.6,16.0,31.0,16.0,39.0,0.5897435897435898,62.0,51,18,False,False
HS-1-4,QAOA-R3-12,0.4828532235939643,0.855995025419982,17.0,20.0,27.0,0.2592592592592592,34.0,1.0,7.0,0.2,0.7857142857142857,0.0,4.0,,1.0,4.0,3.0,4.0,19.0,0.5333333333333333,0.5,0.4444444444444444,27.0,0.4615384615384615,0.3888888888888889,0.0,12.0,36.0,1.0,12.0,36.0,12.0,90.0,0.6538461538461539,0.2727272727272727,18.0,36.0,36.0,0.0,36.0,8.0,8.0,12.0,0.3333333333333333,16.0,19.5,33.0,36.0,0.0833333333333333,39.0,8.0,8.0,12.0,0.3333333333333333,16.0,54.5,71.0,90.0,0.2111111111111111,109.0,52,21,False,False
HS-1-4,QSVM-12,0.4828532235939643,0.8480065793150924,17.0,20.0,27.0,0.2592592592592592,34.0,1.0,7.0,0.2,0.7857142857142857,0.0,4.0,,1.0,4.0,3.0,4.0,19.0,0.5333333333333333,0.5,1.0,27.0,0.3142857142857143,0.3209876543209876,0.0,12.0,,1.0,12.0,22.0,12.0,82.0,0.6142857142857143,0.1666666666666666,0.0,0.0,0.0,1.0,0.0,8.0,8.0,12.0,0.3333333333333333,16.0,12.5,19.0,22.0,0.1363636363636363,25.0,8.0,8.0,12.0,0.3333333333333333,16.0,50.5,63.0,82.0,0.2317073170731707,101.0,53,23,False,False
GHZ-4,VQE-1-12,0.4973544973544973,0.7902635422592298,9.5,9.0,14.0,0.3571428571428571,19.0,1.0,5.0,0.75,0.55,0.0,4.0,3.0,1.0,4.0,3.0,4.0,8.0,0.0,0.5,1.0,14.0,0.3142857142857143,0.3452380952380952,0.0,12.0,11.0,1.0,12.0,11.0,12.0,47.0,0.6,0.1666666666666666,7.0,8.0,11.0,0.2727272727272727,14.0,8.0,8.0,12.0,0.3333333333333333,16.0,7.0,8.0,11.0,0.2727272727272727,14.0,8.0,8.0,12.0,0.3333333333333333,16.0,27.5,39.0,47.0,0.1702127659574468,55.0,54,22,False,False
HS-1-4,HS-1-12,0.5135802469135803,0.928293962947051,11.0,8.0,15.0,0.4666666666666667,22.0,1.0,7.0,0.2,0.7857142857142857,0.0,4.0,,1.0,4.0,3.0,4.0,19.0,0.5333333333333333,0.5,1.0,15.0,0.2340425531914893,0.3888888888888889,0.0,12.0,,1.0,12.0,11.0,12.0,59.0,0.6808510638297872,0.1666666666666666,0.0,0.0,0.0,1.0,0.0,8.0,8.0,12.0,0.3333333333333333,16.0,7.0,8.0,11.0,0.2727272727272727,14.0,8.0,8.0,12.0,0.3333333333333333,16.0,39.0,40.0,59.0,0.3220338983050847,78.0,55,9,True,True
VQE-1-4,W-STATE-12,0.48,0.7378599316739874,15.5,19.0,25.0,0.24,31.0,1.0,6.0,0.2727272727272727,0.75,0.0,4.0,3.0,1.0,4.0,3.0,4.0,15.0,0.4545454545454546,0.5,0.5454545454545454,25.0,0.5,0.26,0.0,12.0,11.0,1.0,12.0,22.0,12.0,56.0,0.4318181818181817,0.1666666666666666,7.0,8.0,11.0,0.2727272727272727,14.0,8.0,8.0,12.0,0.3333333333333333,16.0,12.5,19.0,22.0,0.1363636363636363,25.0,8.0,8.0,12.0,0.3333333333333333,16.0,35.5,41.0,56.0,0.2678571428571428,71.0,56,26,False,False
QSVM-12,W-STATE-4,0.4938271604938271,0.8028024939468241,18.0,18.0,27.0,0.3333333333333333,36.0,1.0,27.0,0.3142857142857143,0.3209876543209876,0.0,12.0,,1.0,12.0,22.0,12.0,82.0,0.6142857142857143,0.1666666666666666,0.6666666666666666,9.0,0.5,0.6111111111111112,0.0,4.0,3.0,1.0,4.0,6.0,4.0,16.0,0.25,0.5,1.5,3.0,3.0,0.0,3.0,8.0,8.0,12.0,0.3333333333333333,16.0,14.0,16.0,22.0,0.2727272727272727,28.0,8.0,8.0,12.0,0.3333333333333333,16.0,49.0,66.0,82.0,0.1951219512195122,98.0,57,21,False,False
GHZ-6,VQE-1-10,0.5,0.818802293599266,9.5,5.0,12.0,0.5833333333333334,19.0,1.0,7.0,0.8333333333333334,0.4047619047619047,0.0,6.0,5.0,1.0,6.0,5.0,6.0,12.0,0.0,0.3333333333333333,1.0,12.0,0.3103448275862069,0.4,0.0,10.0,9.0,1.0,10.0,9.0,10.0,39.0,0.5862068965517242,0.2,7.0,4.0,9.0,0.5555555555555556,14.0,8.0,4.0,10.0,0.6,16.0,7.0,4.0,9.0,0.5555555555555556,14.0,8.0,4.0,10.0,0.6,16.0,25.5,27.0,39.0,0.3076923076923077,51.0,58,18,False,False
QAOA-R3-6,W-STATE-10,0.5925925925925926,0.8047115376847007,21.0,0.0,21.0,1.0,42.0,0.6666666666666666,21.0,0.4615384615384615,0.5,0.0,6.0,18.0,1.0,6.0,18.0,6.0,45.0,0.4615384615384615,0.6,0.5555555555555556,21.0,0.5,0.3047619047619048,0.0,10.0,9.0,1.0,10.0,18.0,10.0,46.0,0.4166666666666666,0.2,13.5,9.0,18.0,0.5,27.0,8.0,4.0,10.0,0.6,16.0,18.0,0.0,18.0,1.0,36.0,8.0,4.0,10.0,0.6,16.0,45.5,1.0,46.0,0.9782608695652174,91.0,59,6,False,False
HS-1-4,TL-1-12,0.5135802469135803,0.9069364012156744,11.0,8.0,15.0,0.4666666666666667,22.0,1.0,7.0,0.2,0.7857142857142857,0.0,4.0,,1.0,4.0,3.0,4.0,19.0,0.5333333333333333,0.5,1.0,15.0,0.3333333333333333,0.3333333333333333,0.0,12.0,,1.0,12.0,12.0,12.0,48.0,0.5833333333333333,0.1818181818181818,0.0,0.0,0.0,1.0,0.0,8.0,8.0,12.0,0.3333333333333333,16.0,7.5,9.0,12.0,0.25,15.0,8.0,8.0,12.0,0.3333333333333333,16.0,33.5,29.0,48.0,0.3958333333333333,67.0,60,11,False,False
BV-6,BV-10,0.5481481481481482,0.8073450463640801,9.0,2.0,10.0,0.8,18.0,1.0,8.0,0.25,0.5208333333333334,0.0,6.0,4.0,3.0,5.0,4.0,6.0,21.0,0.5,0.2666666666666666,1.0,10.0,0.2307692307692307,0.41,0.0,10.0,6.0,5.0,9.0,6.0,10.0,35.0,0.6153846153846154,0.1333333333333333,5.0,2.0,6.0,0.6666666666666666,10.0,7.0,4.0,9.0,0.5555555555555556,14.0,5.0,2.0,6.0,0.6666666666666666,10.0,8.0,4.0,10.0,0.6,16.0,28.0,14.0,35.0,0.6,56.0,61,10,True,True
QAOA-P1-10,W-STATE-6,0.507936507936508,0.8619196394355588,17.0,8.0,21.0,0.6190476190476191,34.0,0.6666666666666666,21.0,0.3829787234042553,0.3571428571428571,0.0,10.0,18.0,1.0,10.0,18.0,10.0,57.0,0.5531914893617021,0.2,0.6,13.0,0.5,0.4615384615384615,0.0,6.0,5.0,1.0,6.0,10.0,6.0,26.0,0.35,0.3333333333333333,11.5,13.0,18.0,0.2777777777777778,23.0,8.0,4.0,10.0,0.6,16.0,14.0,8.0,18.0,0.5555555555555556,28.0,8.0,4.0,10.0,0.6,16.0,41.5,31.0,57.0,0.4561403508771929,83.0,62,13,False,False
HS-1-6,HS-1-10,0.5242165242165242,0.9619671606252967,11.0,4.0,13.0,0.6923076923076923,22.0,1.0,9.0,0.217391304347826,0.6296296296296297,0.0,6.0,,1.0,6.0,5.0,6.0,29.0,0.6086956521739131,0.3333333333333333,1.0,13.0,0.2307692307692307,0.4461538461538462,0.0,10.0,,1.0,10.0,9.0,10.0,49.0,0.6666666666666667,0.2,0.0,0.0,0.0,1.0,0.0,8.0,4.0,10.0,0.6,16.0,7.0,4.0,9.0,0.5555555555555556,14.0,8.0,4.0,10.0,0.6,16.0,39.0,20.0,49.0,0.5918367346938775,78.0,63,2,False,True
QAOA-P1-8,QAOA-R3-8,0.5185185185185185,0.9534579659764536,21.0,6.0,24.0,0.75,42.0,0.7142857142857143,18.0,0.3783783783783784,0.4097222222222222,0.0,8.0,14.0,1.0,8.0,14.0,8.0,45.0,0.5135135135135135,0.25,0.5833333333333334,24.0,0.4615384615384615,0.4375,0.0,8.0,24.0,1.0,8.0,24.0,8.0,60.0,0.5384615384615384,0.4285714285714285,19.0,10.0,24.0,0.5833333333333334,38.0,8.0,0.0,8.0,1.0,16.0,19.0,10.0,24.0,0.5833333333333334,38.0,8.0,0.0,8.0,1.0,16.0,52.5,15.0,60.0,0.75,105.0,64,4,False,False
HS-1-8,QAOA-R3-8,0.4320987654320987,0.9592122602426532,17.5,13.0,24.0,0.4583333333333333,35.0,1.0,11.0,0.2258064516129032,0.5227272727272727,0.0,8.0,,1.0,8.0,7.0,8.0,39.0,0.6451612903225806,0.25,0.5833333333333334,24.0,0.4615384615384615,0.4375,0.0,8.0,24.0,1.0,8.0,24.0,8.0,60.0,0.5384615384615384,0.4285714285714285,12.0,24.0,24.0,0.0,24.0,8.0,0.0,8.0,1.0,16.0,15.5,17.0,24.0,0.2916666666666667,31.0,8.0,0.0,8.0,1.0,16.0,49.5,21.0,60.0,0.65,99.0,65,5,False,False
QSVM-10,W-STATE-6,0.4959742351046698,0.8439021868900882,18.0,10.0,23.0,0.5652173913043478,36.0,1.0,23.0,0.3103448275862069,0.3739130434782609,0.0,10.0,,1.0,10.0,18.0,10.0,68.0,0.603448275862069,0.2,0.6,13.0,0.5,0.4615384615384615,0.0,6.0,5.0,1.0,6.0,10.0,6.0,26.0,0.35,0.3333333333333333,2.5,5.0,5.0,0.0,5.0,8.0,4.0,10.0,0.6,16.0,14.0,8.0,18.0,0.5555555555555556,28.0,8.0,4.0,10.0,0.6,16.0,47.0,42.0,68.0,0.3823529411764705,94.0,66,18,False,False
QSVM-12,VQE-1-4,0.4773662551440329,0.8074335629761591,16.5,21.0,27.0,0.2222222222222222,33.0,1.0,27.0,0.3142857142857143,0.3209876543209876,0.0,12.0,,1.0,12.0,22.0,12.0,82.0,0.6142857142857143,0.1666666666666666,1.0,6.0,0.2727272727272727,0.75,0.0,4.0,3.0,1.0,4.0,3.0,4.0,15.0,0.4545454545454546,0.5,1.5,3.0,3.0,0.0,3.0,8.0,8.0,12.0,0.3333333333333333,16.0,12.5,19.0,22.0,0.1363636363636363,25.0,8.0,8.0,12.0,0.3333333333333333,16.0,48.5,67.0,82.0,0.1829268292682926,97.0,67,27,False,False
GHZ-10,VQE-1-6,0.531986531986532,0.8087826743011052,9.5,3.0,11.0,0.7272727272727273,19.0,1.0,11.0,0.9,0.2636363636363636,0.0,10.0,9.0,1.0,10.0,9.0,10.0,20.0,0.0,0.2,1.0,8.0,0.2941176470588235,0.5833333333333334,0.0,6.0,5.0,1.0,6.0,5.0,6.0,23.0,0.5294117647058824,0.3333333333333333,7.0,4.0,9.0,0.5555555555555556,14.0,8.0,4.0,10.0,0.6,16.0,7.0,4.0,9.0,0.5555555555555556,14.0,8.0,4.0,10.0,0.6,16.0,21.5,3.0,23.0,0.8695652173913043,43.0,68,13,False,False
BV-6,TL-1-10,0.5071225071225072,0.8907006477938042,10.5,5.0,13.0,0.6153846153846154,21.0,1.0,8.0,0.25,0.5208333333333334,0.0,6.0,4.0,3.0,5.0,4.0,6.0,21.0,0.5,0.2666666666666666,1.0,13.0,0.3333333333333333,0.3846153846153846,0.0,10.0,,1.0,10.0,10.0,10.0,40.0,0.5666666666666667,0.2222222222222222,2.0,4.0,4.0,0.0,4.0,7.5,5.0,10.0,0.5,15.0,7.0,6.0,10.0,0.4,14.0,8.0,4.0,10.0,0.6,16.0,30.5,19.0,40.0,0.525,61.0,69,14,False,False
W-STATE-6,W-STATE-10,0.507936507936508,0.7375549048316252,17.0,8.0,21.0,0.6190476190476191,34.0,0.6,13.0,0.5,0.4615384615384615,0.0,6.0,5.0,1.0,6.0,10.0,6.0,26.0,0.35,0.3333333333333333,0.5555555555555556,21.0,0.5,0.3047619047619048,0.0,10.0,9.0,1.0,10.0,18.0,10.0,46.0,0.4166666666666666,0.2,7.0,4.0,9.0,0.5555555555555556,14.0,8.0,4.0,10.0,0.6,16.0,14.0,8.0,18.0,0.5555555555555556,28.0,8.0,4.0,10.0,0.6,16.0,36.0,20.0,46.0,0.5652173913043478,72.0,70,22,False,False
GHZ-12,VQE-1-4,0.5128205128205129,0.7944684481089073,9.5,7.0,13.0,0.4615384615384615,19.0,1.0,13.0,0.9166666666666666,0.2243589743589743,0.0,12.0,11.0,1.0,12.0,11.0,12.0,24.0,0.0,0.1666666666666666,1.0,6.0,0.2727272727272727,0.75,0.0,4.0,3.0,1.0,4.0,3.0,4.0,15.0,0.4545454545454546,0.5,7.0,8.0,11.0,0.2727272727272727,14.0,8.0,8.0,12.0,0.3333333333333333,16.0,7.0,8.0,11.0,0.2727272727272727,14.0,8.0,8.0,12.0,0.3333333333333333,16.0,19.5,9.0,24.0,0.625,39.0,71,20,False,False
BV-8,GHZ-8,0.5596707818930041,0.820433808287561,8.5,1.0,9.0,0.8888888888888888,17.0,1.0,8.0,0.2,0.484375,0.0,8.0,4.0,5.0,7.0,4.0,8.0,27.0,0.6,0.1428571428571428,1.0,9.0,0.875,0.3194444444444444,0.0,8.0,7.0,1.0,8.0,7.0,8.0,16.0,0.0,0.25,5.5,3.0,7.0,0.5714285714285714,11.0,7.5,1.0,8.0,0.875,15.0,5.5,3.0,7.0,0.5714285714285714,11.0,8.0,0.0,8.0,1.0,16.0,21.5,11.0,27.0,0.5925925925925926,43.0,72,9,False,False
QAOA-P1-6,TL-1-10,0.4897119341563785,0.9355285084665796,15.5,5.0,18.0,0.7222222222222222,31.0,1.0,18.0,0.3703703703703703,0.3981481481481481,0.0,6.0,10.0,1.0,6.0,10.0,6.0,33.0,0.3333333333333333,0.3333333333333333,1.0,13.0,0.3333333333333333,0.3846153846153846,0.0,10.0,,1.0,10.0,10.0,10.0,40.0,0.5666666666666667,0.2222222222222222,5.0,10.0,10.0,0.0,10.0,8.0,4.0,10.0,0.6,16.0,10.0,0.0,10.0,1.0,20.0,8.0,4.0,10.0,0.6,16.0,36.5,7.0,40.0,0.825,73.0,73,8,False,False
BV-8,W-STATE-8,0.4357298474945533,0.8067959980478282,12.5,9.0,17.0,0.4705882352941176,25.0,1.0,8.0,0.2,0.484375,0.0,8.0,4.0,5.0,7.0,4.0,8.0,27.0,0.6,0.1428571428571428,0.5714285714285714,17.0,0.5,0.3676470588235294,0.0,8.0,7.0,1.0,8.0,14.0,8.0,36.0,0.3928571428571429,0.25,5.5,3.0,7.0,0.5714285714285714,11.0,7.5,1.0,8.0,0.875,15.0,9.0,10.0,14.0,0.2857142857142857,18.0,8.0,0.0,8.0,1.0,16.0,31.5,9.0,36.0,0.75,63.0,74,30,False,False
BV-4,QAOA-P1-12,0.4691358024691358,0.8021070024234007,21.0,30.0,36.0,0.1666666666666666,42.0,1.0,6.0,0.2,0.625,0.0,4.0,2.0,3.0,3.0,2.0,4.0,13.0,0.4,0.3333333333333333,0.55,36.0,0.4761904761904761,0.3148148148148148,0.0,12.0,40.0,1.0,12.0,40.0,12.0,96.0,0.5714285714285714,0.303030303030303,21.0,38.0,40.0,0.05,42.0,7.5,9.0,12.0,0.25,15.0,21.0,38.0,40.0,0.05,42.0,8.0,8.0,12.0,0.3333333333333333,16.0,54.5,83.0,96.0,0.1354166666666666,109.0,75,29,False,False
QAOA-P1-10,TL-1-6,0.4656084656084656,0.9284973023201206,15.0,12.0,21.0,0.4285714285714285,30.0,0.6666666666666666,21.0,0.3829787234042553,0.3571428571428571,0.0,10.0,18.0,1.0,10.0,18.0,10.0,57.0,0.5531914893617021,0.2,1.0,9.0,0.3333333333333333,0.5555555555555556,0.0,6.0,,1.0,6.0,6.0,6.0,24.0,0.5,0.4,9.0,18.0,18.0,0.0,18.0,8.0,4.0,10.0,0.6,16.0,12.0,12.0,18.0,0.3333333333333333,24.0,8.0,4.0,10.0,0.6,16.0,40.5,33.0,57.0,0.4210526315789473,81.0,76,10,False,False
HS-1-8,TL-1-8,0.5925925925925926,0.9695000981938234,11.0,0.0,11.0,1.0,22.0,1.0,11.0,0.2258064516129032,0.5227272727272727,0.0,8.0,,1.0,8.0,7.0,8.0,39.0,0.6451612903225806,0.25,1.0,11.0,0.3333333333333333,0.4545454545454545,0.0,8.0,,1.0,8.0,8.0,8.0,32.0,0.5416666666666667,0.2857142857142857,0.0,0.0,0.0,1.0,0.0,8.0,0.0,8.0,1.0,16.0,7.5,1.0,8.0,0.875,15.0,8.0,0.0,8.0,1.0,16.0,35.5,7.0,39.0,0.8205128205128205,71.0,77,1,True,True
HS-1-8,QAOA-P1-8,0.4773662551440328,0.9618113187443392,14.5,7.0,18.0,0.6111111111111112,29.0,1.0,11.0,0.2258064516129032,0.5227272727272727,0.0,8.0,,1.0,8.0,7.0,8.0,39.0,0.6451612903225806,0.25,0.7142857142857143,18.0,0.3783783783783784,0.4097222222222222,0.0,8.0,14.0,1.0,8.0,14.0,8.0,45.0,0.5135135135135135,0.25,7.0,14.0,14.0,0.0,14.0,8.0,0.0,8.0,1.0,16.0,10.5,7.0,14.0,0.5,21.0,8.0,0.0,8.0,1.0,16.0,42.0,6.0,45.0,0.8666666666666667,84.0,78,3,False,False
GHZ-4,W-STATE-12,0.474074074074074,0.7460346437910323,15.0,20.0,25.0,0.2,30.0,1.0,5.0,0.75,0.55,0.0,4.0,3.0,1.0,4.0,3.0,4.0,8.0,0.0,0.5,0.5454545454545454,25.0,0.5,0.26,0.0,12.0,11.0,1.0,12.0,22.0,12.0,56.0,0.4318181818181817,0.1666666666666666,7.0,8.0,11.0,0.2727272727272727,14.0,8.0,8.0,12.0,0.3333333333333333,16.0,12.5,19.0,22.0,0.1363636363636363,25.0,8.0,8.0,12.0,0.3333333333333333,16.0,32.0,48.0,56.0,0.1428571428571428,64.0,79,28,False,False
HS-1-4,QAOA-P1-12,0.4732510288065843,0.8233296396361548,21.5,29.0,36.0,0.1944444444444444,43.0,1.0,7.0,0.2,0.7857142857142857,0.0,4.0,,1.0,4.0,3.0,4.0,19.0,0.5333333333333333,0.5,0.55,36.0,0.4761904761904761,0.3148148148148148,0.0,12.0,40.0,1.0,12.0,40.0,12.0,96.0,0.5714285714285714,0.303030303030303,20.0,40.0,40.0,0.0,40.0,8.0,8.0,12.0,0.3333333333333333,16.0,21.5,37.0,40.0,0.075,43.0,8.0,8.0,12.0,0.3333333333333333,16.0,57.5,77.0,96.0,0.1979166666666666,115.0,80,26,False,False
QAOA-P1-4,QSVM-12,0.5102880658436214,0.8461158221536181,19.5,15.0,27.0,0.4444444444444444,39.0,1.0,12.0,0.3529411764705882,0.5625,0.0,4.0,6.0,1.0,4.0,6.0,4.0,21.0,0.2941176470588235,0.5,1.0,27.0,0.3142857142857143,0.3209876543209876,0.0,12.0,,1.0,12.0,22.0,12.0,82.0,0.6142857142857143,0.1666666666666666,3.0,6.0,6.0,0.0,6.0,8.0,8.0,12.0,0.3333333333333333,16.0,14.0,16.0,22.0,0.2727272727272727,28.0,8.0,8.0,12.0,0.3333333333333333,16.0,51.5,61.0,82.0,0.2560975609756097,103.0,81,14,False,False
QAOA-R3-6,VQE-1-10,0.4338624338624338,0.8655570205643623,16.5,9.0,21.0,0.5714285714285714,33.0,0.6666666666666666,21.0,0.4615384615384615,0.5,0.0,6.0,18.0,1.0,6.0,18.0,6.0,45.0,0.4615384615384615,0.6,1.0,12.0,0.3103448275862069,0.4,0.0,10.0,9.0,1.0,10.0,9.0,10.0,39.0,0.5862068965517242,0.2,13.5,9.0,18.0,0.5,27.0,8.0,4.0,10.0,0.6,16.0,13.5,9.0,18.0,0.5,27.0,8.0,4.0,10.0,0.6,16.0,42.0,6.0,45.0,0.8666666666666667,84.0,82,20,False,False
QAOA-P1-10,QAOA-R3-6,0.5925925925925926,0.9284458884447364,21.0,0.0,21.0,1.0,42.0,0.6666666666666666,21.0,0.3829787234042553,0.3571428571428571,0.0,10.0,18.0,1.0,10.0,18.0,10.0,57.0,0.5531914893617021,0.2,0.6666666666666666,21.0,0.4615384615384615,0.5,0.0,6.0,18.0,1.0,6.0,18.0,6.0,45.0,0.4615384615384615,0.6,18.0,0.0,18.0,1.0,36.0,8.0,4.0,10.0,0.6,16.0,18.0,0.0,18.0,1.0,36.0,8.0,4.0,10.0,0.6,16.0,51.0,12.0,57.0,0.7894736842105263,102.0,83,2,False,False
QAOA-P1-4,QAOA-P1-12,0.4938271604938271,0.8242834854656578,24.0,24.0,36.0,0.3333333333333333,48.0,1.0,12.0,0.3529411764705882,0.5625,0.0,4.0,6.0,1.0,4.0,6.0,4.0,21.0,0.2941176470588235,0.5,0.55,36.0,0.4761904761904761,0.3148148148148148,0.0,12.0,40.0,1.0,12.0,40.0,12.0,96.0,0.5714285714285714,0.303030303030303,23.0,34.0,40.0,0.15,46.0,8.0,8.0,12.0,0.3333333333333333,16.0,23.0,34.0,40.0,0.15,46.0,8.0,8.0,12.0,0.3333333333333333,16.0,58.5,75.0,96.0,0.21875,117.0,84,19,False,False
HS-1-8,QSVM-8,0.4678362573099414,0.965065090434384,15.0,8.0,19.0,0.5789473684210527,30.0,1.0,11.0,0.2258064516129032,0.5227272727272727,0.0,8.0,,1.0,8.0,7.0,8.0,39.0,0.6451612903225806,0.25,1.0,19.0,0.3043478260869565,0.4473684210526316,0.0,8.0,,1.0,8.0,14.0,8.0,54.0,0.5869565217391304,0.25,0.0,0.0,0.0,1.0,0.0,8.0,0.0,8.0,1.0,16.0,10.5,7.0,14.0,0.5,21.0,8.0,0.0,8.0,1.0,16.0,46.5,15.0,54.0,0.7222222222222222,93.0,85,2,False,False
TL-1-10,W-STATE-6,0.5925925925925926,0.8734280004920105,13.0,0.0,13.0,1.0,26.0,1.0,13.0,0.3333333333333333,0.3846153846153846,0.0,10.0,,1.0,10.0,10.0,10.0,40.0,0.5666666666666667,0.2222222222222222,0.6,13.0,0.5,0.4615384615384615,0.0,6.0,5.0,1.0,6.0,10.0,6.0,26.0,0.35,0.3333333333333333,2.5,5.0,5.0,0.0,5.0,8.0,4.0,10.0,0.6,16.0,10.0,0.0,10.0,1.0,20.0,8.0,4.0,10.0,0.6,16.0,33.0,14.0,40.0,0.65,66.0,86,4,False,False
BV-12,QSVM-4,0.5117845117845118,0.8800879275092259,10.0,2.0,11.0,0.8181818181818182,20.0,1.0,9.0,0.1724137931034483,0.4166666666666667,0.0,12.0,5.0,8.0,11.0,5.0,12.0,40.0,0.6896551724137931,0.0757575757575757,1.0,11.0,0.2727272727272727,0.7272727272727273,0.0,4.0,,1.0,4.0,6.0,4.0,26.0,0.5,0.5,2.5,5.0,5.0,0.0,5.0,7.5,7.0,11.0,0.3636363636363636,15.0,5.5,1.0,6.0,0.8333333333333334,11.0,8.0,8.0,12.0,0.3333333333333333,16.0,33.0,14.0,40.0,0.65,66.0,87,12,False,True
GHZ-8,HS-1-8,0.5387205387205387,0.8846629851247703,10.0,2.0,11.0,0.8181818181818182,20.0,1.0,9.0,0.875,0.3194444444444444,0.0,8.0,7.0,1.0,8.0,7.0,8.0,16.0,0.0,0.25,1.0,11.0,0.2258064516129032,0.5227272727272727,0.0,8.0,,1.0,8.0,7.0,8.0,39.0,0.6451612903225806,0.25,3.5,7.0,7.0,0.0,7.0,8.0,0.0,8.0,1.0,16.0,7.0,0.0,7.0,1.0,14.0,8.0,0.0,8.0,1.0,16.0,27.5,23.0,39.0,0.4102564102564102,55.0,88,8,False,False
QSVM-6,VQE-1-10,0.5185185185185185,0.8718183964210611,13.5,3.0,15.0,0.8,27.0,1.0,15.0,0.2941176470588235,0.5555555555555556,0.0,6.0,,1.0,6.0,10.0,6.0,40.0,0.5588235294117647,0.3333333333333333,1.0,12.0,0.3103448275862069,0.4,0.0,10.0,9.0,1.0,10.0,9.0,10.0,39.0,0.5862068965517242,0.2,4.5,9.0,9.0,0.0,9.0,8.0,4.0,10.0,0.6,16.0,9.5,1.0,10.0,0.9,19.0,8.0,4.0,10.0,0.6,16.0,39.5,1.0,40.0,0.975,79.0,89,10,False,False
HS-1-4,W-STATE-12,0.4859259259259259,0.7785004999891915,16.0,18.0,25.0,0.28,32.0,1.0,7.0,0.2,0.7857142857142857,0.0,4.0,,1.0,4.0,3.0,4.0,19.0,0.5333333333333333,0.5,0.5454545454545454,25.0,0.5,0.26,0.0,12.0,11.0,1.0,12.0,22.0,12.0,56.0,0.4318181818181817,0.1666666666666666,5.5,11.0,11.0,0.0,11.0,8.0,8.0,12.0,0.3333333333333333,16.0,12.5,19.0,22.0,0.1363636363636363,25.0,8.0,8.0,12.0,0.3333333333333333,16.0,37.5,37.0,56.0,0.3392857142857143,75.0,90,23,False,False
QAOA-P1-10,VQE-1-6,0.455026455026455,0.8777029075501181,14.5,13.0,21.0,0.3809523809523809,29.0,0.6666666666666666,21.0,0.3829787234042553,0.3571428571428571,0.0,10.0,18.0,1.0,10.0,18.0,10.0,57.0,0.5531914893617021,0.2,1.0,8.0,0.2941176470588235,0.5833333333333334,0.0,6.0,5.0,1.0,6.0,5.0,6.0,23.0,0.5294117647058824,0.3333333333333333,11.5,13.0,18.0,0.2777777777777778,23.0,8.0,4.0,10.0,0.6,16.0,11.5,13.0,18.0,0.2777777777777778,23.0,8.0,4.0,10.0,0.6,16.0,40.0,34.0,57.0,0.4035087719298245,80.0,91,17,False,False
BV-10,VQE-1-6,0.5481481481481482,0.7973994345815207,9.0,2.0,10.0,0.8,18.0,1.0,10.0,0.2307692307692307,0.41,0.0,10.0,6.0,5.0,9.0,6.0,10.0,35.0,0.6153846153846154,0.1333333333333333,1.0,8.0,0.2941176470588235,0.5833333333333334,0.0,6.0,5.0,1.0,6.0,5.0,6.0,23.0,0.5294117647058824,0.3333333333333333,5.5,1.0,6.0,0.8333333333333334,11.0,7.5,3.0,9.0,0.6666666666666666,15.0,5.5,1.0,6.0,0.8333333333333334,11.0,8.0,4.0,10.0,0.6,16.0,29.0,12.0,35.0,0.6571428571428571,58.0,92,11,True,True
QAOA-R3-4,TL-1-12,0.4656084656084656,0.907170501277978,18.0,6.0,21.0,0.7142857142857143,36.0,1.0,21.0,0.4615384615384615,0.5,0.0,4.0,12.0,1.0,4.0,12.0,4.0,30.0,0.1923076923076923,1.0,1.0,15.0,0.3333333333333333,0.3333333333333333,0.0,12.0,,1.0,12.0,12.0,12.0,48.0,0.5833333333333333,0.1818181818181818,6.0,12.0,12.0,0.0,12.0,8.0,8.0,12.0,0.3333333333333333,16.0,12.0,0.0,12.0,1.0,24.0,8.0,8.0,12.0,0.3333333333333333,16.0,39.0,18.0,48.0,0.625,78.0,93,13,False,False
TL-1-10,VQE-1-6,0.5071225071225072,0.8833933872195618,10.5,5.0,13.0,0.6153846153846154,21.0,1.0,13.0,0.3333333333333333,0.3846153846153846,0.0,10.0,,1.0,10.0,10.0,10.0,40.0,0.5666666666666667,0.2222222222222222,1.0,8.0,0.2941176470588235,0.5833333333333334,0.0,6.0,5.0,1.0,6.0,5.0,6.0,23.0,0.5294117647058824,0.3333333333333333,2.5,5.0,5.0,0.0,5.0,8.0,4.0,10.0,0.6,16.0,7.5,5.0,10.0,0.5,15.0,8.0,4.0,10.0,0.6,16.0,31.5,17.0,40.0,0.575,63.0,94,15,False,False
GHZ-10,W-STATE-6,0.5356125356125356,0.7863476256946094,12.0,2.0,13.0,0.8461538461538461,24.0,1.0,11.0,0.9,0.2636363636363636,0.0,10.0,9.0,1.0,10.0,9.0,10.0,20.0,0.0,0.2,0.6,13.0,0.5,0.4615384615384615,0.0,6.0,5.0,1.0,6.0,10.0,6.0,26.0,0.35,0.3333333333333333,7.0,4.0,9.0,0.5555555555555556,14.0,8.0,4.0,10.0,0.6,16.0,9.5,1.0,10.0,0.9,19.0,8.0,4.0,10.0,0.6,16.0,23.0,6.0,26.0,0.7692307692307693,46.0,95,13,False,False
BV-8,HS-1-8,0.5117845117845117,0.9091398909767268,9.5,3.0,11.0,0.7272727272727273,19.0,1.0,8.0,0.2,0.484375,0.0,8.0,4.0,5.0,7.0,4.0,8.0,27.0,0.6,0.1428571428571428,1.0,11.0,0.2258064516129032,0.5227272727272727,0.0,8.0,,1.0,8.0,7.0,8.0,39.0,0.6451612903225806,0.25,2.0,4.0,4.0,0.0,4.0,7.5,1.0,8.0,0.875,15.0,5.5,3.0,7.0,0.5714285714285714,11.0,8.0,0.0,8.0,1.0,16.0,33.0,12.0,39.0,0.6923076923076923,66.0,96,11,True,True
QSVM-8,TL-1-8,0.4678362573099414,0.9556744772653316,15.0,8.0,19.0,0.5789473684210527,30.0,1.0,19.0,0.3043478260869565,0.4473684210526316,0.0,8.0,,1.0,8.0,14.0,8.0,54.0,0.5869565217391304,0.25,1.0,11.0,0.3333333333333333,0.4545454545454545,0.0,8.0,,1.0,8.0,8.0,8.0,32.0,0.5416666666666667,0.2857142857142857,0.0,0.0,0.0,1.0,0.0,8.0,0.0,8.0,1.0,16.0,11.0,6.0,14.0,0.5714285714285714,22.0,8.0,0.0,8.0,1.0,16.0,43.0,22.0,54.0,0.5925925925925926,86.0,97,5,False,False
BV-8,QAOA-R3-8,0.3950617283950617,0.9022868467525,16.0,16.0,24.0,0.3333333333333333,32.0,1.0,8.0,0.2,0.484375,0.0,8.0,4.0,5.0,7.0,4.0,8.0,27.0,0.6,0.1428571428571428,0.5833333333333334,24.0,0.4615384615384615,0.4375,0.0,8.0,24.0,1.0,8.0,24.0,8.0,60.0,0.5384615384615384,0.4285714285714285,14.0,20.0,24.0,0.1666666666666666,28.0,7.5,1.0,8.0,0.875,15.0,14.0,20.0,24.0,0.1666666666666666,28.0,8.0,0.0,8.0,1.0,16.0,43.5,33.0,60.0,0.45,87.0,98,16,False,False
QAOA-R3-8,TL-1-8,0.4320987654320987,0.9607488282481668,17.5,13.0,24.0,0.4583333333333333,35.0,0.5833333333333334,24.0,0.4615384615384615,0.4375,0.0,8.0,24.0,1.0,8.0,24.0,8.0,60.0,0.5384615384615384,0.4285714285714285,1.0,11.0,0.3333333333333333,0.4545454545454545,0.0,8.0,,1.0,8.0,8.0,8.0,32.0,0.5416666666666667,0.2857142857142857,12.0,24.0,24.0,0.0,24.0,8.0,0.0,8.0,1.0,16.0,16.0,16.0,24.0,0.3333333333333333,32.0,8.0,0.0,8.0,1.0,16.0,46.0,28.0,60.0,0.5333333333333333,92.0,99,4,False,False
TL-1-8,VQE-1-8,0.5656565656565656,0.8713981754910779,10.5,1.0,11.0,0.9090909090909092,21.0,1.0,11.0,0.3333333333333333,0.4545454545454545,0.0,8.0,,1.0,8.0,8.0,8.0,32.0,0.5416666666666667,0.2857142857142857,1.0,10.0,0.3043478260869565,0.475,0.0,8.0,7.0,1.0,8.0,7.0,8.0,31.0,0.5652173913043479,0.25,3.5,7.0,7.0,0.0,7.0,8.0,0.0,8.0,1.0,16.0,7.5,1.0,8.0,0.875,15.0,8.0,0.0,8.0,1.0,16.0,31.5,1.0,32.0,0.96875,63.0,100,5,False,True
GHZ-10,TL-1-6,0.5521885521885522,0.8578171577909335,10.0,2.0,11.0,0.8181818181818182,20.0,1.0,11.0,0.9,0.2636363636363636,0.0,10.0,9.0,1.0,10.0,9.0,10.0,20.0,0.0,0.2,1.0,9.0,0.3333333333333333,0.5555555555555556,0.0,6.0,,1.0,6.0,6.0,6.0,24.0,0.5,0.4,4.5,9.0,9.0,0.0,9.0,8.0,4.0,10.0,0.6,16.0,7.5,3.0,9.0,0.6666666666666666,15.0,8.0,4.0,10.0,0.6,16.0,22.0,4.0,24.0,0.8333333333333334,44.0,101,8,False,False
GHZ-8,TL-1-8,0.5387205387205387,0.8855590348238713,10.0,2.0,11.0,0.8181818181818182,20.0,1.0,9.0,0.875,0.3194444444444444,0.0,8.0,7.0,1.0,8.0,7.0,8.0,16.0,0.0,0.25,1.0,11.0,0.3333333333333333,0.4545454545454545,0.0,8.0,,1.0,8.0,8.0,8.0,32.0,0.5416666666666667,0.2857142857142857,3.5,7.0,7.0,0.0,7.0,8.0,0.0,8.0,1.0,16.0,7.5,1.0,8.0,0.875,15.0,8.0,0.0,8.0,1.0,16.0,24.0,16.0,32.0,0.5,48.0,102,7,False,False
TL-1-4,TL-1-12,0.5135802469135803,0.9075345838351772,11.0,8.0,15.0,0.4666666666666667,22.0,1.0,7.0,0.3333333333333333,0.7142857142857143,0.0,4.0,,1.0,4.0,4.0,4.0,16.0,0.4166666666666666,0.6666666666666666,1.0,15.0,0.3333333333333333,0.3333333333333333,0.0,12.0,,1.0,12.0,12.0,12.0,48.0,0.5833333333333333,0.1818181818181818,0.0,0.0,0.0,1.0,0.0,8.0,8.0,12.0,0.3333333333333333,16.0,8.0,8.0,12.0,0.3333333333333333,16.0,8.0,8.0,12.0,0.3333333333333333,16.0,32.0,32.0,48.0,0.3333333333333333,64.0,103,10,False,False
HS-1-10,QSVM-6,0.5432098765432098,0.955612231965306,14.0,2.0,15.0,0.8666666666666667,28.0,1.0,13.0,0.2307692307692307,0.4461538461538462,0.0,10.0,,1.0,10.0,9.0,10.0,49.0,0.6666666666666667,0.2,1.0,15.0,0.2941176470588235,0.5555555555555556,0.0,6.0,,1.0,6.0,10.0,6.0,40.0,0.5588235294117647,0.3333333333333333,0.0,0.0,0.0,1.0,0.0,8.0,4.0,10.0,0.6,16.0,9.5,1.0,10.0,0.9,19.0,8.0,4.0,10.0,0.6,16.0,44.5,9.0,49.0,0.8163265306122449,89.0,104,3,False,False
W-STATE-4,W-STATE-12,0.4977777777777777,0.7305392874572962,17.0,16.0,25.0,0.36,34.0,0.6666666666666666,9.0,0.5,0.6111111111111112,0.0,4.0,3.0,1.0,4.0,6.0,4.0,16.0,0.25,0.5,0.5454545454545454,25.0,0.5,0.26,0.0,12.0,11.0,1.0,12.0,22.0,12.0,56.0,0.4318181818181817,0.1666666666666666,7.0,8.0,11.0,0.2727272727272727,14.0,8.0,8.0,12.0,0.3333333333333333,16.0,14.0,16.0,22.0,0.2727272727272727,28.0,8.0,8.0,12.0,0.3333333333333333,16.0,36.0,40.0,56.0,0.2857142857142857,72.0,105,23,False,False
HS-1-12,VQE-1-4,0.5037037037037037,0.8845071728778817,10.5,9.0,15.0,0.4,21.0,1.0,15.0,0.2340425531914893,0.3888888888888889,0.0,12.0,,1.0,12.0,11.0,12.0,59.0,0.6808510638297872,0.1666666666666666,1.0,6.0,0.2727272727272727,0.75,0.0,4.0,3.0,1.0,4.0,3.0,4.0,15.0,0.4545454545454546,0.5,1.5,3.0,3.0,0.0,3.0,8.0,8.0,12.0,0.3333333333333333,16.0,7.0,8.0,11.0,0.2727272727272727,14.0,8.0,8.0,12.0,0.3333333333333333,16.0,37.0,44.0,59.0,0.2542372881355932,74.0,106,15,False,False
QAOA-P1-8,VQE-1-8,0.4609053497942386,0.8714642653576176,14.0,8.0,18.0,0.5555555555555556,28.0,0.7142857142857143,18.0,0.3783783783783784,0.4097222222222222,0.0,8.0,14.0,1.0,8.0,14.0,8.0,45.0,0.5135135135135135,0.25,1.0,10.0,0.3043478260869565,0.475,0.0,8.0,7.0,1.0,8.0,7.0,8.0,31.0,0.5652173913043479,0.25,10.5,7.0,14.0,0.5,21.0,8.0,0.0,8.0,1.0,16.0,10.5,7.0,14.0,0.5,21.0,8.0,0.0,8.0,1.0,16.0,38.0,14.0,45.0,0.6888888888888889,76.0,107,18,False,False
QAOA-P1-12,TL-1-4,0.4732510288065843,0.8261726432118011,21.5,29.0,36.0,0.1944444444444444,43.0,0.55,36.0,0.4761904761904761,0.3148148148148148,0.0,12.0,40.0,1.0,12.0,40.0,12.0,96.0,0.5714285714285714,0.303030303030303,1.0,7.0,0.3333333333333333,0.7142857142857143,0.0,4.0,,1.0,4.0,4.0,4.0,16.0,0.4166666666666666,0.6666666666666666,20.0,40.0,40.0,0.0,40.0,8.0,8.0,12.0,0.3333333333333333,16.0,22.0,36.0,40.0,0.1,44.0,8.0,8.0,12.0,0.3333333333333333,16.0,56.0,80.0,96.0,0.1666666666666666,112.0,108,25,False,False
HS-1-6,TL-1-10,0.5242165242165242,0.949646523966457,11.0,4.0,13.0,0.6923076923076923,22.0,1.0,9.0,0.217391304347826,0.6296296296296297,0.0,6.0,,1.0,6.0,5.0,6.0,29.0,0.6086956521739131,0.3333333333333333,1.0,13.0,0.3333333333333333,0.3846153846153846,0.0,10.0,,1.0,10.0,10.0,10.0,40.0,0.5666666666666667,0.2222222222222222,0.0,0.0,0.0,1.0,0.0,8.0,4.0,10.0,0.6,16.0,7.5,5.0,10.0,0.5,15.0,8.0,4.0,10.0,0.6,16.0,34.5,11.0,40.0,0.725,69.0,109,6,False,False
BV-12,GHZ-4,0.5267489711934157,0.8430329233832643,7.0,4.0,9.0,0.5555555555555556,14.0,1.0,9.0,0.1724137931034483,0.4166666666666667,0.0,12.0,5.0,8.0,11.0,5.0,12.0,40.0,0.6896551724137931,0.0757575757575757,1.0,5.0,0.75,0.55,0.0,4.0,3.0,1.0,4.0,3.0,4.0,8.0,0.0,0.5,4.0,2.0,5.0,0.6,8.0,7.5,7.0,11.0,0.3636363636363636,15.0,4.0,2.0,5.0,0.6,8.0,8.0,8.0,12.0,0.3333333333333333,16.0,24.0,32.0,40.0,0.2,48.0,110,12,False,False
HS-1-8,W-STATE-8,0.4880174291938997,0.8672014965285089,14.0,6.0,17.0,0.6470588235294118,28.0,1.0,11.0,0.2258064516129032,0.5227272727272727,0.0,8.0,,1.0,8.0,7.0,8.0,39.0,0.6451612903225806,0.25,0.5714285714285714,17.0,0.5,0.3676470588235294,0.0,8.0,7.0,1.0,8.0,14.0,8.0,36.0,0.3928571428571429,0.25,3.5,7.0,7.0,0.0,7.0,8.0,0.0,8.0,1.0,16.0,10.5,7.0,14.0,0.5,21.0,8.0,0.0,8.0,1.0,16.0,37.5,3.0,39.0,0.9230769230769232,75.0,111,18,False,False
HS-1-10,W-STATE-6,0.5925925925925926,0.8862356710234297,13.0,0.0,13.0,1.0,26.0,1.0,13.0,0.2307692307692307,0.4461538461538462,0.0,10.0,,1.0,10.0,9.0,10.0,49.0,0.6666666666666667,0.2,0.6,13.0,0.5,0.4615384615384615,0.0,6.0,5.0,1.0,6.0,10.0,6.0,26.0,0.35,0.3333333333333333,2.5,5.0,5.0,0.0,5.0,8.0,4.0,10.0,0.6,16.0,9.5,1.0,10.0,0.9,19.0,8.0,4.0,10.0,0.6,16.0,37.5,23.0,49.0,0.5306122448979592,75.0,112,3,False,False
QAOA-P1-8,TL-1-8,0.4773662551440328,0.960527259379366,14.5,7.0,18.0,0.6111111111111112,29.0,0.7142857142857143,18.0,0.3783783783783784,0.4097222222222222,0.0,8.0,14.0,1.0,8.0,14.0,8.0,45.0,0.5135135135135135,0.25,1.0,11.0,0.3333333333333333,0.4545454545454545,0.0,8.0,,1.0,8.0,8.0,8.0,32.0,0.5416666666666667,0.2857142857142857,7.0,14.0,14.0,0.0,14.0,8.0,0.0,8.0,1.0,16.0,11.0,6.0,14.0,0.5714285714285714,22.0,8.0,0.0,8.0,1.0,16.0,38.5,13.0,45.0,0.7111111111111111,77.0,113,4,False,False
HS-1-8,VQE-1-8,0.5656565656565656,0.8781198009696314,10.5,1.0,11.0,0.9090909090909092,21.0,1.0,11.0,0.2258064516129032,0.5227272727272727,0.0,8.0,,1.0,8.0,7.0,8.0,39.0,0.6451612903225806,0.25,1.0,10.0,0.3043478260869565,0.475,0.0,8.0,7.0,1.0,8.0,7.0,8.0,31.0,0.5652173913043479,0.25,3.5,7.0,7.0,0.0,7.0,8.0,0.0,8.0,1.0,16.0,7.0,0.0,7.0,1.0,14.0,8.0,0.0,8.0,1.0,16.0,35.0,8.0,39.0,0.7948717948717948,70.0,114,4,False,True
BV-12,TL-1-4,0.5596707818930041,0.874625918926393,8.0,2.0,9.0,0.7777777777777778,16.0,1.0,9.0,0.1724137931034483,0.4166666666666667,0.0,12.0,5.0,8.0,11.0,5.0,12.0,40.0,0.6896551724137931,0.0757575757575757,1.0,7.0,0.3333333333333333,0.7142857142857143,0.0,4.0,,1.0,4.0,4.0,4.0,16.0,0.4166666666666666,0.6666666666666666,2.5,5.0,5.0,0.0,5.0,7.5,7.0,11.0,0.3636363636363636,15.0,4.5,1.0,5.0,0.8,9.0,8.0,8.0,12.0,0.3333333333333333,16.0,28.0,24.0,40.0,0.4,56.0,115,6,True,True
QAOA-P1-4,QAOA-R3-12,0.5102880658436214,0.857383361702565,19.5,15.0,27.0,0.4444444444444444,39.0,1.0,12.0,0.3529411764705882,0.5625,0.0,4.0,6.0,1.0,4.0,6.0,4.0,21.0,0.2941176470588235,0.5,0.4444444444444444,27.0,0.4615384615384615,0.3888888888888889,0.0,12.0,36.0,1.0,12.0,36.0,12.0,90.0,0.6538461538461539,0.2727272727272727,21.0,30.0,36.0,0.1666666666666666,42.0,8.0,8.0,12.0,0.3333333333333333,16.0,21.0,30.0,36.0,0.1666666666666666,42.0,8.0,8.0,12.0,0.3333333333333333,16.0,55.5,69.0,90.0,0.2333333333333333,111.0,116,13,False,False
GHZ-4,HS-1-12,0.4938271604938271,0.8920417085735399,10.0,10.0,15.0,0.3333333333333333,20.0,1.0,5.0,0.75,0.55,0.0,4.0,3.0,1.0,4.0,3.0,4.0,8.0,0.0,0.5,1.0,15.0,0.2340425531914893,0.3888888888888889,0.0,12.0,,1.0,12.0,11.0,12.0,59.0,0.6808510638297872,0.1666666666666666,1.5,3.0,3.0,0.0,3.0,8.0,8.0,12.0,0.3333333333333333,16.0,7.0,8.0,11.0,0.2727272727272727,14.0,8.0,8.0,12.0,0.3333333333333333,16.0,33.5,51.0,59.0,0.135593220338983,67.0,117,14,False,False
BV-10,W-STATE-6,0.5071225071225071,0.7825768667642754,11.5,3.0,13.0,0.7692307692307693,23.0,1.0,10.0,0.2307692307692307,0.41,0.0,10.0,6.0,5.0,9.0,6.0,10.0,35.0,0.6153846153846154,0.1333333333333333,0.6,13.0,0.5,0.4615384615384615,0.0,6.0,5.0,1.0,6.0,10.0,6.0,26.0,0.35,0.3333333333333333,5.5,1.0,6.0,0.8333333333333334,11.0,7.5,3.0,9.0,0.6666666666666666,15.0,8.0,4.0,10.0,0.6,16.0,8.0,4.0,10.0,0.6,16.0,30.5,9.0,35.0,0.7428571428571429,61.0,118,22,False,False
GHZ-8,QAOA-R3-8,0.4074074074074073,0.8743638220277669,16.5,15.0,24.0,0.375,33.0,1.0,9.0,0.875,0.3194444444444444,0.0,8.0,7.0,1.0,8.0,7.0,8.0,16.0,0.0,0.25,0.5833333333333334,24.0,0.4615384615384615,0.4375,0.0,8.0,24.0,1.0,8.0,24.0,8.0,60.0,0.5384615384615384,0.4285714285714285,15.5,17.0,24.0,0.2916666666666667,31.0,8.0,0.0,8.0,1.0,16.0,15.5,17.0,24.0,0.2916666666666667,31.0,8.0,0.0,8.0,1.0,16.0,38.0,44.0,60.0,0.2666666666666666,76.0,119,19,False,False
GHZ-6,HS-1-10,0.49002849002849,0.9081807111344362,10.0,6.0,13.0,0.5384615384615384,20.0,1.0,7.0,0.8333333333333334,0.4047619047619047,0.0,6.0,5.0,1.0,6.0,5.0,6.0,12.0,0.0,0.3333333333333333,1.0,13.0,0.2307692307692307,0.4461538461538462,0.0,10.0,,1.0,10.0,9.0,10.0,49.0,0.6666666666666667,0.2,2.5,5.0,5.0,0.0,5.0,8.0,4.0,10.0,0.6,16.0,7.0,4.0,9.0,0.5555555555555556,14.0,8.0,4.0,10.0,0.6,16.0,30.5,37.0,49.0,0.2448979591836734,61.0,120,12,False,False
QSVM-4,TL-1-12,0.5530864197530864,0.9082005718067524,13.0,4.0,15.0,0.7333333333333333,26.0,1.0,11.0,0.2727272727272727,0.7272727272727273,0.0,4.0,,1.0,4.0,6.0,4.0,26.0,0.5,0.5,1.0,15.0,0.3333333333333333,0.3333333333333333,0.0,12.0,,1.0,12.0,12.0,12.0,48.0,0.5833333333333333,0.1818181818181818,0.0,0.0,0.0,1.0,0.0,8.0,8.0,12.0,0.3333333333333333,16.0,9.0,6.0,12.0,0.5,18.0,8.0,8.0,12.0,0.3333333333333333,16.0,37.0,22.0,48.0,0.5416666666666666,74.0,121,5,False,False
HS-1-6,QSVM-10,0.4573268921095008,0.9198586607628776,16.0,14.0,23.0,0.391304347826087,32.0,1.0,9.0,0.217391304347826,0.6296296296296297,0.0,6.0,,1.0,6.0,5.0,6.0,29.0,0.6086956521739131,0.3333333333333333,1.0,23.0,0.3103448275862069,0.3739130434782609,0.0,10.0,,1.0,10.0,18.0,10.0,68.0,0.603448275862069,0.2,0.0,0.0,0.0,1.0,0.0,8.0,4.0,10.0,0.6,16.0,11.5,13.0,18.0,0.2777777777777778,23.0,8.0,4.0,10.0,0.6,16.0,48.5,39.0,68.0,0.4264705882352941,97.0,122,11,False,False
GHZ-10,QAOA-P1-6,0.4485596707818929,0.8453786910198895,14.5,7.0,18.0,0.6111111111111112,29.0,1.0,11.0,0.9,0.2636363636363636,0.0,10.0,9.0,1.0,10.0,9.0,10.0,20.0,0.0,0.2,1.0,18.0,0.3703703703703703,0.3981481481481481,0.0,6.0,10.0,1.0,6.0,10.0,6.0,33.0,0.3333333333333333,0.3333333333333333,9.5,1.0,10.0,0.9,19.0,8.0,4.0,10.0,0.6,16.0,9.5,1.0,10.0,0.9,19.0,8.0,4.0,10.0,0.6,16.0,26.5,13.0,33.0,0.6060606060606061,53.0,123,24,False,False
QAOA-R3-8,VQE-1-8,0.419753086419753,0.8676156458612552,17.0,14.0,24.0,0.4166666666666667,34.0,0.5833333333333334,24.0,0.4615384615384615,0.4375,0.0,8.0,24.0,1.0,8.0,24.0,8.0,60.0,0.5384615384615384,0.4285714285714285,1.0,10.0,0.3043478260869565,0.475,0.0,8.0,7.0,1.0,8.0,7.0,8.0,31.0,0.5652173913043479,0.25,15.5,17.0,24.0,0.2916666666666667,31.0,8.0,0.0,8.0,1.0,16.0,15.5,17.0,24.0,0.2916666666666667,31.0,8.0,0.0,8.0,1.0,16.0,45.5,29.0,60.0,0.5166666666666667,91.0,124,21,False,False
GHZ-12,HS-1-4,0.5242165242165242,0.8383050051695038,10.0,6.0,13.0,0.5384615384615384,20.0,1.0,13.0,0.9166666666666666,0.2243589743589743,0.0,12.0,11.0,1.0,12.0,11.0,12.0,24.0,0.0,0.1666666666666666,1.0,7.0,0.2,0.7857142857142857,0.0,4.0,,1.0,4.0,3.0,4.0,19.0,0.5333333333333333,0.5,5.5,11.0,11.0,0.0,11.0,8.0,8.0,12.0,0.3333333333333333,16.0,7.0,8.0,11.0,0.2727272727272727,14.0,8.0,8.0,12.0,0.3333333333333333,16.0,21.5,5.0,24.0,0.7916666666666666,43.0,125,13,False,False
QAOA-P1-8,W-STATE-8,0.5761316872427983,0.8563034148674833,17.5,1.0,18.0,0.9444444444444444,35.0,0.7142857142857143,18.0,0.3783783783783784,0.4097222222222222,0.0,8.0,14.0,1.0,8.0,14.0,8.0,45.0,0.5135135135135135,0.25,0.5714285714285714,17.0,0.5,0.3676470588235294,0.0,8.0,7.0,1.0,8.0,14.0,8.0,36.0,0.3928571428571429,0.25,10.5,7.0,14.0,0.5,21.0,8.0,0.0,8.0,1.0,16.0,14.0,0.0,14.0,1.0,28.0,8.0,0.0,8.0,1.0,16.0,40.5,9.0,45.0,0.8,81.0,126,5,False,False
GHZ-12,QAOA-P1-4,0.5811965811965812,0.8346417400867837,12.5,1.0,13.0,0.9230769230769232,25.0,1.0,13.0,0.9166666666666666,0.2243589743589743,0.0,12.0,11.0,1.0,12.0,11.0,12.0,24.0,0.0,0.1666666666666666,1.0,12.0,0.3529411764705882,0.5625,0.0,4.0,6.0,1.0,4.0,6.0,4.0,21.0,0.2941176470588235,0.5,8.5,5.0,11.0,0.5454545454545454,17.0,8.0,8.0,12.0,0.3333333333333333,16.0,8.5,5.0,11.0,0.5454545454545454,17.0,8.0,8.0,12.0,0.3333333333333333,16.0,22.5,3.0,24.0,0.875,45.0,127,5,True,False
GHZ-10,QSVM-6,0.4938271604938271,0.8585629633351601,13.0,4.0,15.0,0.7333333333333333,26.0,1.0,11.0,0.9,0.2636363636363636,0.0,10.0,9.0,1.0,10.0,9.0,10.0,20.0,0.0,0.2,1.0,15.0,0.2941176470588235,0.5555555555555556,0.0,6.0,,1.0,6.0,10.0,6.0,40.0,0.5588235294117647,0.3333333333333333,4.5,9.0,9.0,0.0,9.0,8.0,4.0,10.0,0.6,16.0,9.5,1.0,10.0,0.9,19.0,8.0,4.0,10.0,0.6,16.0,30.0,20.0,40.0,0.5,60.0,128,18,False,False
QAOA-R3-12,W-STATE-4,0.4938271604938271,0.8115383533300924,18.0,18.0,27.0,0.3333333333333333,36.0,0.4444444444444444,27.0,0.4615384615384615,0.3888888888888889,0.0,12.0,36.0,1.0,12.0,36.0,12.0,90.0,0.6538461538461539,0.2727272727272727,0.6666666666666666,9.0,0.5,0.6111111111111112,0.0,4.0,3.0,1.0,4.0,6.0,4.0,16.0,0.25,0.5,19.5,33.0,36.0,0.0833333333333333,39.0,8.0,8.0,12.0,0.3333333333333333,16.0,21.0,30.0,36.0,0.1666666666666666,42.0,8.0,8.0,12.0,0.3333333333333333,16.0,53.0,74.0,90.0,0.1777777777777777,106.0,129,20,False,False
GHZ-8,QSVM-8,0.4366471734892787,0.8858909577832943,14.0,10.0,19.0,0.4736842105263157,28.0,1.0,9.0,0.875,0.3194444444444444,0.0,8.0,7.0,1.0,8.0,7.0,8.0,16.0,0.0,0.25,1.0,19.0,0.3043478260869565,0.4473684210526316,0.0,8.0,,1.0,8.0,14.0,8.0,54.0,0.5869565217391304,0.25,3.5,7.0,7.0,0.0,7.0,8.0,0.0,8.0,1.0,16.0,10.5,7.0,14.0,0.5,21.0,8.0,0.0,8.0,1.0,16.0,35.0,38.0,54.0,0.2962962962962963,70.0,130,18,False,False
HS-1-10,QAOA-P1-6,0.4897119341563785,0.9474078363075008,15.5,5.0,18.0,0.7222222222222222,31.0,1.0,13.0,0.2307692307692307,0.4461538461538462,0.0,10.0,,1.0,10.0,9.0,10.0,49.0,0.6666666666666667,0.2,1.0,18.0,0.3703703703703703,0.3981481481481481,0.0,6.0,10.0,1.0,6.0,10.0,6.0,33.0,0.3333333333333333,0.3333333333333333,5.0,10.0,10.0,0.0,10.0,8.0,4.0,10.0,0.6,16.0,9.5,1.0,10.0,0.9,19.0,8.0,4.0,10.0,0.6,16.0,41.0,16.0,49.0,0.673469387755102,82.0,131,7,False,False
QSVM-6,QSVM-10,0.5152979066022545,0.9171856489258792,19.0,8.0,23.0,0.6521739130434783,38.0,1.0,15.0,0.2941176470588235,0.5555555555555556,0.0,6.0,,1.0,6.0,10.0,6.0,40.0,0.5588235294117647,0.3333333333333333,1.0,23.0,0.3103448275862069,0.3739130434782609,0.0,10.0,,1.0,10.0,18.0,10.0,68.0,0.603448275862069,0.2,0.0,0.0,0.0,1.0,0.0,8.0,4.0,10.0,0.6,16.0,14.0,8.0,18.0,0.5555555555555556,28.0,8.0,4.0,10.0,0.6,16.0,54.0,28.0,68.0,0.5882352941176471,108.0,132,8,False,False
QAOA-P1-4,W-STATE-12,0.5155555555555555,0.7828203048489174,18.5,13.0,25.0,0.48,37.0,1.0,12.0,0.3529411764705882,0.5625,0.0,4.0,6.0,1.0,4.0,6.0,4.0,21.0,0.2941176470588235,0.5,0.5454545454545454,25.0,0.5,0.26,0.0,12.0,11.0,1.0,12.0,22.0,12.0,56.0,0.4318181818181817,0.1666666666666666,8.5,5.0,11.0,0.5454545454545454,17.0,8.0,8.0,12.0,0.3333333333333333,16.0,14.0,16.0,22.0,0.2727272727272727,28.0,8.0,8.0,12.0,0.3333333333333333,16.0,38.5,35.0,56.0,0.375,77.0,133,19,False,False
QAOA-R3-10,QSVM-6,0.4814814814814815,0.9220627766992175,22.5,15.0,30.0,0.5,45.0,0.6,30.0,0.4615384615384615,0.35,0.0,10.0,30.0,1.0,10.0,30.0,10.0,75.0,0.5384615384615384,0.3333333333333333,1.0,15.0,0.2941176470588235,0.5555555555555556,0.0,6.0,,1.0,6.0,10.0,6.0,40.0,0.5588235294117647,0.3333333333333333,15.0,30.0,30.0,0.0,30.0,8.0,4.0,10.0,0.6,16.0,20.0,20.0,30.0,0.3333333333333333,40.0,8.0,4.0,10.0,0.6,16.0,57.5,35.0,75.0,0.5333333333333333,115.0,134,10,False,False
TL-1-6,TL-1-10,0.5242165242165242,0.9352936187524338,11.0,4.0,13.0,0.6923076923076923,22.0,1.0,9.0,0.3333333333333333,0.5555555555555556,0.0,6.0,,1.0,6.0,6.0,6.0,24.0,0.5,0.4,1.0,13.0,0.3333333333333333,0.3846153846153846,0.0,10.0,,1.0,10.0,10.0,10.0,40.0,0.5666666666666667,0.2222222222222222,0.0,0.0,0.0,1.0,0.0,8.0,4.0,10.0,0.6,16.0,8.0,4.0,10.0,0.6,16.0,8.0,4.0,10.0,0.6,16.0,32.0,16.0,40.0,0.6,64.0,135,7,False,False
QAOA-P1-4,TL-1-12,0.562962962962963,0.905175985012086,13.5,3.0,15.0,0.8,27.0,1.0,12.0,0.3529411764705882,0.5625,0.0,4.0,6.0,1.0,4.0,6.0,4.0,21.0,0.2941176470588235,0.5,1.0,15.0,0.3333333333333333,0.3333333333333333,0.0,12.0,,1.0,12.0,12.0,12.0,48.0,0.5833333333333333,0.1818181818181818,3.0,6.0,6.0,0.0,6.0,8.0,8.0,12.0,0.3333333333333333,16.0,9.0,6.0,12.0,0.5,18.0,8.0,8.0,12.0,0.3333333333333333,16.0,34.5,27.0,48.0,0.4375,69.0,136,4,True,False
BV-4,W-STATE-12,0.48,0.7492069302098585,15.5,19.0,25.0,0.24,31.0,1.0,6.0,0.2,0.625,0.0,4.0,2.0,3.0,3.0,2.0,4.0,13.0,0.4,0.3333333333333333,0.5454545454545454,25.0,0.5,0.26,0.0,12.0,11.0,1.0,12.0,22.0,12.0,56.0,0.4318181818181817,0.1666666666666666,6.5,9.0,11.0,0.1818181818181818,13.0,7.5,9.0,12.0,0.25,15.0,12.0,20.0,22.0,0.0909090909090909,24.0,8.0,8.0,12.0,0.3333333333333333,16.0,34.5,43.0,56.0,0.2321428571428571,69.0,137,25,False,False
BV-12,QAOA-P1-4,0.4814814814814814,0.881915156727146,10.5,3.0,12.0,0.75,21.0,1.0,9.0,0.1724137931034483,0.4166666666666667,0.0,12.0,5.0,8.0,11.0,5.0,12.0,40.0,0.6896551724137931,0.0757575757575757,1.0,12.0,0.3529411764705882,0.5625,0.0,4.0,6.0,1.0,4.0,6.0,4.0,21.0,0.2941176470588235,0.5,5.5,1.0,6.0,0.8333333333333334,11.0,7.5,7.0,11.0,0.3636363636363636,15.0,5.5,1.0,6.0,0.8333333333333334,11.0,8.0,8.0,12.0,0.3333333333333333,16.0,30.5,19.0,40.0,0.525,61.0,138,16,False,False
QSVM-4,VQE-1-12,0.5608465608465608,0.8267698481404648,12.5,3.0,14.0,0.7857142857142857,25.0,1.0,11.0,0.2727272727272727,0.7272727272727273,0.0,4.0,,1.0,4.0,6.0,4.0,26.0,0.5,0.5,1.0,14.0,0.3142857142857143,0.3452380952380952,0.0,12.0,11.0,1.0,12.0,11.0,12.0,47.0,0.6,0.1666666666666666,5.5,11.0,11.0,0.0,11.0,8.0,8.0,12.0,0.3333333333333333,16.0,8.5,5.0,11.0,0.5454545454545454,17.0,8.0,8.0,12.0,0.3333333333333333,16.0,36.5,21.0,47.0,0.5531914893617021,73.0,139,8,False,False
QAOA-P1-12,QAOA-R3-4,0.5308641975308642,0.8199128942199636,28.5,15.0,36.0,0.5833333333333334,57.0,0.55,36.0,0.4761904761904761,0.3148148148148148,0.0,12.0,40.0,1.0,12.0,40.0,12.0,96.0,0.5714285714285714,0.303030303030303,1.0,21.0,0.4615384615384615,0.5,0.0,4.0,12.0,1.0,4.0,12.0,4.0,30.0,0.1923076923076923,1.0,26.0,28.0,40.0,0.3,52.0,8.0,8.0,12.0,0.3333333333333333,16.0,26.0,28.0,40.0,0.3,52.0,8.0,8.0,12.0,0.3333333333333333,16.0,63.0,66.0,96.0,0.3125,126.0,140,12,False,False
BV-4,HS-1-12,0.5037037037037037,0.8993263406223535,10.5,9.0,15.0,0.4,21.0,1.0,6.0,0.2,0.625,0.0,4.0,2.0,3.0,3.0,2.0,4.0,13.0,0.4,0.3333333333333333,1.0,15.0,0.2340425531914893,0.3888888888888889,0.0,12.0,,1.0,12.0,11.0,12.0,59.0,0.6808510638297872,0.1666666666666666,1.0,2.0,2.0,0.0,2.0,7.5,9.0,12.0,0.25,15.0,6.5,9.0,11.0,0.1818181818181818,13.0,8.0,8.0,12.0,0.3333333333333333,16.0,36.0,46.0,59.0,0.2203389830508474,72.0,141,13,True,True
GHZ-6,QSVM-10,0.4380032206119162,0.8645533512059647,15.0,16.0,23.0,0.3043478260869565,30.0,1.0,7.0,0.8333333333333334,0.4047619047619047,0.0,6.0,5.0,1.0,6.0,5.0,6.0,12.0,0.0,0.3333333333333333,1.0,23.0,0.3103448275862069,0.3739130434782609,0.0,10.0,,1.0,10.0,18.0,10.0,68.0,0.603448275862069,0.2,2.5,5.0,5.0,0.0,5.0,8.0,4.0,10.0,0.6,16.0,11.5,13.0,18.0,0.2777777777777778,23.0,8.0,4.0,10.0,0.6,16.0,40.0,56.0,68.0,0.1764705882352941,80.0,142,20,False,False
BV-6,W-STATE-10,0.455026455026455,0.7656783796974134,14.5,13.0,21.0,0.3809523809523809,29.0,1.0,8.0,0.25,0.5208333333333334,0.0,6.0,4.0,3.0,5.0,4.0,6.0,21.0,0.5,0.2666666666666666,0.5555555555555556,21.0,0.5,0.3047619047619048,0.0,10.0,9.0,1.0,10.0,18.0,10.0,46.0,0.4166666666666666,0.2,6.5,5.0,9.0,0.4444444444444444,13.0,7.5,5.0,10.0,0.5,15.0,11.0,14.0,18.0,0.2222222222222222,22.0,8.0,4.0,10.0,0.6,16.0,33.5,25.0,46.0,0.4565217391304347,67.0,143,32,False,False
QAOA-P1-6,QSVM-10,0.5442834138486312,0.9075901795807606,20.5,5.0,23.0,0.782608695652174,41.0,1.0,18.0,0.3703703703703703,0.3981481481481481,0.0,6.0,10.0,1.0,6.0,10.0,6.0,33.0,0.3333333333333333,0.3333333333333333,1.0,23.0,0.3103448275862069,0.3739130434782609,0.0,10.0,,1.0,10.0,18.0,10.0,68.0,0.603448275862069,0.2,5.0,10.0,10.0,0.0,10.0,8.0,4.0,10.0,0.6,16.0,14.0,8.0,18.0,0.5555555555555556,28.0,8.0,4.0,10.0,0.6,16.0,50.5,35.0,68.0,0.4852941176470588,101.0,144,6,False,False
QAOA-P1-6,QAOA-R3-10,0.5037037037037038,0.9121247020645736,24.0,12.0,30.0,0.6,48.0,1.0,18.0,0.3703703703703703,0.3981481481481481,0.0,6.0,10.0,1.0,6.0,10.0,6.0,33.0,0.3333333333333333,0.3333333333333333,0.6,30.0,0.4615384615384615,0.35,0.0,10.0,30.0,1.0,10.0,30.0,10.0,75.0,0.5384615384615384,0.3333333333333333,20.0,20.0,30.0,0.3333333333333333,40.0,8.0,4.0,10.0,0.6,16.0,20.0,20.0,30.0,0.3333333333333333,40.0,8.0,4.0,10.0,0.6,16.0,54.0,42.0,75.0,0.44,108.0,145,11,False,False
GHZ-4,TL-1-12,0.4938271604938271,0.8742396915429419,10.0,10.0,15.0,0.3333333333333333,20.0,1.0,5.0,0.75,0.55,0.0,4.0,3.0,1.0,4.0,3.0,4.0,8.0,0.0,0.5,1.0,15.0,0.3333333333333333,0.3333333333333333,0.0,12.0,,1.0,12.0,12.0,12.0,48.0,0.5833333333333333,0.1818181818181818,1.5,3.0,3.0,0.0,3.0,8.0,8.0,12.0,0.3333333333333333,16.0,7.5,9.0,12.0,0.25,15.0,8.0,8.0,12.0,0.3333333333333333,16.0,28.0,40.0,48.0,0.1666666666666666,56.0,146,17,False,False
QAOA-R3-12,TL-1-4,0.4828532235939643,0.8599323052117449,17.0,20.0,27.0,0.2592592592592592,34.0,0.4444444444444444,27.0,0.4615384615384615,0.3888888888888889,0.0,12.0,36.0,1.0,12.0,36.0,12.0,90.0,0.6538461538461539,0.2727272727272727,1.0,7.0,0.3333333333333333,0.7142857142857143,0.0,4.0,,1.0,4.0,4.0,4.0,16.0,0.4166666666666666,0.6666666666666666,18.0,36.0,36.0,0.0,36.0,8.0,8.0,12.0,0.3333333333333333,16.0,20.0,32.0,36.0,0.1111111111111111,40.0,8.0,8.0,12.0,0.3333333333333333,16.0,53.0,74.0,90.0,0.1777777777777777,106.0,147,20,False,False
HS-1-12,W-STATE-4,0.5333333333333333,0.880416515190201,12.0,6.0,15.0,0.6,24.0,1.0,15.0,0.2340425531914893,0.3888888888888889,0.0,12.0,,1.0,12.0,11.0,12.0,59.0,0.6808510638297872,0.1666666666666666,0.6666666666666666,9.0,0.5,0.6111111111111112,0.0,4.0,3.0,1.0,4.0,6.0,4.0,16.0,0.25,0.5,1.5,3.0,3.0,0.0,3.0,8.0,8.0,12.0,0.3333333333333333,16.0,8.5,5.0,11.0,0.5454545454545454,17.0,8.0,8.0,12.0,0.3333333333333333,16.0,37.5,43.0,59.0,0.2711864406779661,75.0,148,9,False,False
HS-1-12,QAOA-P1-4,0.562962962962963,0.92693029431775,13.5,3.0,15.0,0.8,27.0,1.0,15.0,0.2340425531914893,0.3888888888888889,0.0,12.0,,1.0,12.0,11.0,12.0,59.0,0.6808510638297872,0.1666666666666666,1.0,12.0,0.3529411764705882,0.5625,0.0,4.0,6.0,1.0,4.0,6.0,4.0,21.0,0.2941176470588235,0.5,3.0,6.0,6.0,0.0,6.0,8.0,8.0,12.0,0.3333333333333333,16.0,8.5,5.0,11.0,0.5454545454545454,17.0,8.0,8.0,12.0,0.3333333333333333,16.0,40.0,38.0,59.0,0.3559322033898305,80.0,149,3,True,False
GHZ-4,QAOA-R3-12,0.4718792866941015,0.8192737660283735,16.0,22.0,27.0,0.1851851851851851,32.0,1.0,5.0,0.75,0.55,0.0,4.0,3.0,1.0,4.0,3.0,4.0,8.0,0.0,0.5,0.4444444444444444,27.0,0.4615384615384615,0.3888888888888889,0.0,12.0,36.0,1.0,12.0,36.0,12.0,90.0,0.6538461538461539,0.2727272727272727,19.5,33.0,36.0,0.0833333333333333,39.0,8.0,8.0,12.0,0.3333333333333333,16.0,19.5,33.0,36.0,0.0833333333333333,39.0,8.0,8.0,12.0,0.3333333333333333,16.0,49.0,82.0,90.0,0.0888888888888888,98.0,150,27,False,False
BV-10,TL-1-6,0.5703703703703704,0.8496341457646694,9.5,1.0,10.0,0.9,19.0,1.0,10.0,0.2307692307692307,0.41,0.0,10.0,6.0,5.0,9.0,6.0,10.0,35.0,0.6153846153846154,0.1333333333333333,1.0,9.0,0.3333333333333333,0.5555555555555556,0.0,6.0,,1.0,6.0,6.0,6.0,24.0,0.5,0.4,3.0,6.0,6.0,0.0,6.0,7.5,3.0,9.0,0.6666666666666666,15.0,6.0,0.0,6.0,1.0,12.0,8.0,4.0,10.0,0.6,16.0,29.5,11.0,35.0,0.6857142857142857,59.0,151,6,True,True
GHZ-8,QAOA-P1-8,0.4444444444444444,0.886653987230742,13.5,9.0,18.0,0.5,27.0,1.0,9.0,0.875,0.3194444444444444,0.0,8.0,7.0,1.0,8.0,7.0,8.0,16.0,0.0,0.25,0.7142857142857143,18.0,0.3783783783783784,0.4097222222222222,0.0,8.0,14.0,1.0,8.0,14.0,8.0,45.0,0.5135135135135135,0.25,10.5,7.0,14.0,0.5,21.0,8.0,0.0,8.0,1.0,16.0,10.5,7.0,14.0,0.5,21.0,8.0,0.0,8.0,1.0,16.0,30.5,29.0,45.0,0.3555555555555555,61.0,152,17,False,False
GHZ-4,QSVM-12,0.4718792866941015,0.8125052509153279,16.0,22.0,27.0,0.1851851851851851,32.0,1.0,5.0,0.75,0.55,0.0,4.0,3.0,1.0,4.0,3.0,4.0,8.0,0.0,0.5,1.0,27.0,0.3142857142857143,0.3209876543209876,0.0,12.0,,1.0,12.0,22.0,12.0,82.0,0.6142857142857143,0.1666666666666666,1.5,3.0,3.0,0.0,3.0,8.0,8.0,12.0,0.3333333333333333,16.0,12.5,19.0,22.0,0.1363636363636363,25.0,8.0,8.0,12.0,0.3333333333333333,16.0,45.0,74.0,82.0,0.0975609756097561,90.0,153,28,False,False
QAOA-R3-8,QSVM-8,0.5308641975308642,0.9519576856037724,21.5,5.0,24.0,0.7916666666666666,43.0,0.5833333333333334,24.0,0.4615384615384615,0.4375,0.0,8.0,24.0,1.0,8.0,24.0,8.0,60.0,0.5384615384615384,0.4285714285714285,1.0,19.0,0.3043478260869565,0.4473684210526316,0.0,8.0,,1.0,8.0,14.0,8.0,54.0,0.5869565217391304,0.25,12.0,24.0,24.0,0.0,24.0,8.0,0.0,8.0,1.0,16.0,19.0,10.0,24.0,0.5833333333333334,38.0,8.0,0.0,8.0,1.0,16.0,57.0,6.0,60.0,0.9,114.0,154,4,False,False
GHZ-6,TL-1-10,0.49002849002849,0.8887047008115676,10.0,6.0,13.0,0.5384615384615384,20.0,1.0,7.0,0.8333333333333334,0.4047619047619047,0.0,6.0,5.0,1.0,6.0,5.0,6.0,12.0,0.0,0.3333333333333333,1.0,13.0,0.3333333333333333,0.3846153846153846,0.0,10.0,,1.0,10.0,10.0,10.0,40.0,0.5666666666666667,0.2222222222222222,2.5,5.0,5.0,0.0,5.0,8.0,4.0,10.0,0.6,16.0,7.5,5.0,10.0,0.5,15.0,8.0,4.0,10.0,0.6,16.0,26.0,28.0,40.0,0.3,52.0,155,15,False,False
TL-1-6,VQE-1-10,0.537037037037037,0.8690803813070749,10.5,3.0,12.0,0.75,21.0,1.0,9.0,0.3333333333333333,0.5555555555555556,0.0,6.0,,1.0,6.0,6.0,6.0,24.0,0.5,0.4,1.0,12.0,0.3103448275862069,0.4,0.0,10.0,9.0,1.0,10.0,9.0,10.0,39.0,0.5862068965517242,0.2,4.5,9.0,9.0,0.0,9.0,8.0,4.0,10.0,0.6,16.0,7.5,3.0,9.0,0.6666666666666666,15.0,8.0,4.0,10.0,0.6,16.0,31.5,15.0,39.0,0.6153846153846154,63.0,156,10,False,False
VQE-1-10,W-STATE-6,0.5641025641025641,0.8045127787238626,12.5,1.0,13.0,0.9230769230769232,25.0,1.0,12.0,0.3103448275862069,0.4,0.0,10.0,9.0,1.0,10.0,9.0,10.0,39.0,0.5862068965517242,0.2,0.6,13.0,0.5,0.4615384615384615,0.0,6.0,5.0,1.0,6.0,10.0,6.0,26.0,0.35,0.3333333333333333,7.0,4.0,9.0,0.5555555555555556,14.0,8.0,4.0,10.0,0.6,16.0,9.5,1.0,10.0,0.9,19.0,8.0,4.0,10.0,0.6,16.0,32.5,13.0,39.0,0.6666666666666666,65.0,157,8,False,False
GHZ-4,QAOA-P1-12,0.4650205761316872,0.7848129219124016,20.5,31.0,36.0,0.1388888888888889,41.0,1.0,5.0,0.75,0.55,0.0,4.0,3.0,1.0,4.0,3.0,4.0,8.0,0.0,0.5,0.55,36.0,0.4761904761904761,0.3148148148148148,0.0,12.0,40.0,1.0,12.0,40.0,12.0,96.0,0.5714285714285714,0.303030303030303,21.5,37.0,40.0,0.075,43.0,8.0,8.0,12.0,0.3333333333333333,16.0,21.5,37.0,40.0,0.075,43.0,8.0,8.0,12.0,0.3333333333333333,16.0,52.0,88.0,96.0,0.0833333333333333,104.0,158,31,False,False
TL-1-4,VQE-1-12,0.5185185185185185,0.8244897098507671,10.5,7.0,14.0,0.5,21.0,1.0,7.0,0.3333333333333333,0.7142857142857143,0.0,4.0,,1.0,4.0,4.0,4.0,16.0,0.4166666666666666,0.6666666666666666,1.0,14.0,0.3142857142857143,0.3452380952380952,0.0,12.0,11.0,1.0,12.0,11.0,12.0,47.0,0.6,0.1666666666666666,5.5,11.0,11.0,0.0,11.0,8.0,8.0,12.0,0.3333333333333333,16.0,7.5,7.0,11.0,0.3636363636363636,15.0,8.0,8.0,12.0,0.3333333333333333,16.0,31.5,31.0,47.0,0.3404255319148936,63.0,159,17,False,False
QAOA-R3-8,W-STATE-8,0.5061728395061728,0.8571046607835873,20.5,7.0,24.0,0.7083333333333334,41.0,0.5833333333333334,24.0,0.4615384615384615,0.4375,0.0,8.0,24.0,1.0,8.0,24.0,8.0,60.0,0.5384615384615384,0.4285714285714285,0.5714285714285714,17.0,0.5,0.3676470588235294,0.0,8.0,7.0,1.0,8.0,14.0,8.0,36.0,0.3928571428571429,0.25,15.5,17.0,24.0,0.2916666666666667,31.0,8.0,0.0,8.0,1.0,16.0,19.0,10.0,24.0,0.5833333333333334,38.0,8.0,0.0,8.0,1.0,16.0,48.0,24.0,60.0,0.6,96.0,160,16,False,False
QSVM-4,W-STATE-12,0.5096296296296297,0.7826593096338423,18.0,14.0,25.0,0.44,36.0,1.0,11.0,0.2727272727272727,0.7272727272727273,0.0,4.0,,1.0,4.0,6.0,4.0,26.0,0.5,0.5,0.5454545454545454,25.0,0.5,0.26,0.0,12.0,11.0,1.0,12.0,22.0,12.0,56.0,0.4318181818181817,0.1666666666666666,5.5,11.0,11.0,0.0,11.0,8.0,8.0,12.0,0.3333333333333333,16.0,14.0,16.0,22.0,0.2727272727272727,28.0,8.0,8.0,12.0,0.3333333333333333,16.0,41.0,30.0,56.0,0.4642857142857143,82.0,161,21,False,False
GHZ-6,QAOA-P1-10,0.4444444444444444,0.8866843361284131,14.0,14.0,21.0,0.3333333333333333,28.0,1.0,7.0,0.8333333333333334,0.4047619047619047,0.0,6.0,5.0,1.0,6.0,5.0,6.0,12.0,0.0,0.3333333333333333,0.6666666666666666,21.0,0.3829787234042553,0.3571428571428571,0.0,10.0,18.0,1.0,10.0,18.0,10.0,57.0,0.5531914893617021,0.2,11.5,13.0,18.0,0.2777777777777778,23.0,8.0,4.0,10.0,0.6,16.0,11.5,13.0,18.0,0.2777777777777778,23.0,8.0,4.0,10.0,0.6,16.0,34.5,45.0,57.0,0.2105263157894736,69.0,162,16,False,False
TL-1-12,VQE-1-4,0.5037037037037037,0.8625188484127909,10.5,9.0,15.0,0.4,21.0,1.0,15.0,0.3333333333333333,0.3333333333333333,0.0,12.0,,1.0,12.0,12.0,12.0,48.0,0.5833333333333333,0.1818181818181818,1.0,6.0,0.2727272727272727,0.75,0.0,4.0,3.0,1.0,4.0,3.0,4.0,15.0,0.4545454545454546,0.5,1.5,3.0,3.0,0.0,3.0,8.0,8.0,12.0,0.3333333333333333,16.0,7.5,9.0,12.0,0.25,15.0,8.0,8.0,12.0,0.3333333333333333,16.0,31.5,33.0,48.0,0.3125,63.0,163,17,False,False
QAOA-R3-10,W-STATE-6,0.4666666666666667,0.850783679451655,21.5,17.0,30.0,0.4333333333333333,43.0,0.6,30.0,0.4615384615384615,0.35,0.0,10.0,30.0,1.0,10.0,30.0,10.0,75.0,0.5384615384615384,0.3333333333333333,0.6,13.0,0.5,0.4615384615384615,0.0,6.0,5.0,1.0,6.0,10.0,6.0,26.0,0.35,0.3333333333333333,17.5,25.0,30.0,0.1666666666666666,35.0,8.0,4.0,10.0,0.6,16.0,20.0,20.0,30.0,0.3333333333333333,40.0,8.0,4.0,10.0,0.6,16.0,50.5,49.0,75.0,0.3466666666666667,101.0,164,22,False,False
QAOA-R3-6,QAOA-R3-10,0.5259259259259259,0.9153131307531008,25.5,9.0,30.0,0.7,51.0,0.6666666666666666,21.0,0.4615384615384615,0.5,0.0,6.0,18.0,1.0,6.0,18.0,6.0,45.0,0.4615384615384615,0.6,0.6,30.0,0.4615384615384615,0.35,0.0,10.0,30.0,1.0,10.0,30.0,10.0,75.0,0.5384615384615384,0.3333333333333333,24.0,12.0,30.0,0.6,48.0,8.0,4.0,10.0,0.6,16.0,24.0,12.0,30.0,0.6,48.0,8.0,4.0,10.0,0.6,16.0,60.0,30.0,75.0,0.6,120.0,165,6,False,False
BV-8,VQE-1-8,0.5333333333333333,0.8194241093216202,9.0,2.0,10.0,0.8,18.0,1.0,8.0,0.2,0.484375,0.0,8.0,4.0,5.0,7.0,4.0,8.0,27.0,0.6,0.1428571428571428,1.0,10.0,0.3043478260869565,0.475,0.0,8.0,7.0,1.0,8.0,7.0,8.0,31.0,0.5652173913043479,0.25,5.5,3.0,7.0,0.5714285714285714,11.0,7.5,1.0,8.0,0.875,15.0,5.5,3.0,7.0,0.5714285714285714,11.0,8.0,0.0,8.0,1.0,16.0,29.0,4.0,31.0,0.8709677419354839,58.0,166,12,False,True
QAOA-P1-4,VQE-1-12,0.5714285714285714,0.8264701595107298,13.0,2.0,14.0,0.8571428571428571,26.0,1.0,12.0,0.3529411764705882,0.5625,0.0,4.0,6.0,1.0,4.0,6.0,4.0,21.0,0.2941176470588235,0.5,1.0,14.0,0.3142857142857143,0.3452380952380952,0.0,12.0,11.0,1.0,12.0,11.0,12.0,47.0,0.6,0.1666666666666666,8.5,5.0,11.0,0.5454545454545454,17.0,8.0,8.0,12.0,0.3333333333333333,16.0,8.5,5.0,11.0,0.5454545454545454,17.0,8.0,8.0,12.0,0.3333333333333333,16.0,34.0,26.0,47.0,0.4468085106382978,68.0,167,6,True,False
HS-1-6,QAOA-P1-10,0.4656084656084656,0.9368442780654928,15.0,12.0,21.0,0.4285714285714285,30.0,1.0,9.0,0.217391304347826,0.6296296296296297,0.0,6.0,,1.0,6.0,5.0,6.0,29.0,0.6086956521739131,0.3333333333333333,0.6666666666666666,21.0,0.3829787234042553,0.3571428571428571,0.0,10.0,18.0,1.0,10.0,18.0,10.0,57.0,0.5531914893617021,0.2,9.0,18.0,18.0,0.0,18.0,8.0,4.0,10.0,0.6,16.0,11.5,13.0,18.0,0.2777777777777778,23.0,8.0,4.0,10.0,0.6,16.0,43.0,28.0,57.0,0.5087719298245614,86.0,168,8,False,False
BV-8,QAOA-P1-8,0.4279835390946501,0.9070588095592236,13.0,10.0,18.0,0.4444444444444444,26.0,1.0,8.0,0.2,0.484375,0.0,8.0,4.0,5.0,7.0,4.0,8.0,27.0,0.6,0.1428571428571428,0.7142857142857143,18.0,0.3783783783783784,0.4097222222222222,0.0,8.0,14.0,1.0,8.0,14.0,8.0,45.0,0.5135135135135135,0.25,9.0,10.0,14.0,0.2857142857142857,18.0,7.5,1.0,8.0,0.875,15.0,9.0,10.0,14.0,0.2857142857142857,18.0,8.0,0.0,8.0,1.0,16.0,36.0,18.0,45.0,0.6,72.0,169,14,False,False
GHZ-6,W-STATE-10,0.4444444444444444,0.7656783766906523,14.0,14.0,21.0,0.3333333333333333,28.0,1.0,7.0,0.8333333333333334,0.4047619047619047,0.0,6.0,5.0,1.0,6.0,5.0,6.0,12.0,0.0,0.3333333333333333,0.5555555555555556,21.0,0.5,0.3047619047619048,0.0,10.0,9.0,1.0,10.0,18.0,10.0,46.0,0.4166666666666666,0.2,7.0,4.0,9.0,0.5555555555555556,14.0,8.0,4.0,10.0,0.6,16.0,11.5,13.0,18.0,0.2777777777777778,23.0,8.0,4.0,10.0,0.6,16.0,29.0,34.0,46.0,0.2608695652173913,58.0,170,33,False,False
TL-1-8,W-STATE-8,0.4880174291938997,0.8622699046638749,14.0,6.0,17.0,0.6470588235294118,28.0,1.0,11.0,0.3333333333333333,0.4545454545454545,0.0,8.0,,1.0,8.0,8.0,8.0,32.0,0.5416666666666667,0.2857142857142857,0.5714285714285714,17.0,0.5,0.3676470588235294,0.0,8.0,7.0,1.0,8.0,14.0,8.0,36.0,0.3928571428571429,0.25,3.5,7.0,7.0,0.0,7.0,8.0,0.0,8.0,1.0,16.0,11.0,6.0,14.0,0.5714285714285714,22.0,8.0,0.0,8.0,1.0,16.0,34.0,4.0,36.0,0.8888888888888888,68.0,171,19,False,False
QSVM-12,TL-1-4,0.4828532235939643,0.8504374325293688,17.0,20.0,27.0,0.2592592592592592,34.0,1.0,27.0,0.3142857142857143,0.3209876543209876,0.0,12.0,,1.0,12.0,22.0,12.0,82.0,0.6142857142857143,0.1666666666666666,1.0,7.0,0.3333333333333333,0.7142857142857143,0.0,4.0,,1.0,4.0,4.0,4.0,16.0,0.4166666666666666,0.6666666666666666,0.0,0.0,0.0,1.0,0.0,8.0,8.0,12.0,0.3333333333333333,16.0,13.0,18.0,22.0,0.1818181818181818,26.0,8.0,8.0,12.0,0.3333333333333333,16.0,49.0,66.0,82.0,0.1951219512195122,98.0,172,22,False,False
BV-6,HS-1-10,0.5071225071225072,0.8997772284951014,10.5,5.0,13.0,0.6153846153846154,21.0,1.0,8.0,0.25,0.5208333333333334,0.0,6.0,4.0,3.0,5.0,4.0,6.0,21.0,0.5,0.2666666666666666,1.0,13.0,0.2307692307692307,0.4461538461538462,0.0,10.0,,1.0,10.0,9.0,10.0,49.0,0.6666666666666667,0.2,2.0,4.0,4.0,0.0,4.0,7.5,5.0,10.0,0.5,15.0,6.5,5.0,9.0,0.4444444444444444,13.0,8.0,4.0,10.0,0.6,16.0,35.0,28.0,49.0,0.4285714285714285,70.0,173,12,False,True
QAOA-P1-10,QSVM-6,0.5291005291005291,0.9309208705028004,18.0,6.0,21.0,0.7142857142857143,36.0,0.6666666666666666,21.0,0.3829787234042553,0.3571428571428571,0.0,10.0,18.0,1.0,10.0,18.0,10.0,57.0,0.5531914893617021,0.2,1.0,15.0,0.2941176470588235,0.5555555555555556,0.0,6.0,,1.0,6.0,10.0,6.0,40.0,0.5588235294117647,0.3333333333333333,9.0,18.0,18.0,0.0,18.0,8.0,4.0,10.0,0.6,16.0,14.0,8.0,18.0,0.5555555555555556,28.0,8.0,4.0,10.0,0.6,16.0,48.5,17.0,57.0,0.7017543859649122,97.0,174,5,False,False
VQE-1-12,W-STATE-4,0.5396825396825397,0.777818448023426,11.5,5.0,14.0,0.6428571428571429,23.0,1.0,14.0,0.3142857142857143,0.3452380952380952,0.0,12.0,11.0,1.0,12.0,11.0,12.0,47.0,0.6,0.1666666666666666,0.6666666666666666,9.0,0.5,0.6111111111111112,0.0,4.0,3.0,1.0,4.0,6.0,4.0,16.0,0.25,0.5,7.0,8.0,11.0,0.2727272727272727,14.0,8.0,8.0,12.0,0.3333333333333333,16.0,8.5,5.0,11.0,0.5454545454545454,17.0,8.0,8.0,12.0,0.3333333333333333,16.0,31.5,31.0,47.0,0.3404255319148936,63.0,175,13,False,False
QAOA-P1-12,VQE-1-4,0.4691358024691358,0.7796637360728125,21.0,30.0,36.0,0.1666666666666666,42.0,0.55,36.0,0.4761904761904761,0.3148148148148148,0.0,12.0,40.0,1.0,12.0,40.0,12.0,96.0,0.5714285714285714,0.303030303030303,1.0,6.0,0.2727272727272727,0.75,0.0,4.0,3.0,1.0,4.0,3.0,4.0,15.0,0.4545454545454546,0.5,21.5,37.0,40.0,0.075,43.0,8.0,8.0,12.0,0.3333333333333333,16.0,21.5,37.0,40.0,0.075,43.0,8.0,8.0,12.0,0.3333333333333333,16.0,55.5,81.0,96.0,0.15625,111.0,176,30,False,False
HS-1-6,VQE-1-10,0.537037037037037,0.8791361219582908,10.5,3.0,12.0,0.75,21.0,1.0,9.0,0.217391304347826,0.6296296296296297,0.0,6.0,,1.0,6.0,5.0,6.0,29.0,0.6086956521739131,0.3333333333333333,1.0,12.0,0.3103448275862069,0.4,0.0,10.0,9.0,1.0,10.0,9.0,10.0,39.0,0.5862068965517242,0.2,4.5,9.0,9.0,0.0,9.0,8.0,4.0,10.0,0.6,16.0,7.0,4.0,9.0,0.5555555555555556,14.0,8.0,4.0,10.0,0.6,16.0,34.0,10.0,39.0,0.7435897435897436,68.0,177,9,False,True
BV-4,QSVM-12,0.4773662551440329,0.8169587208323308,16.5,21.0,27.0,0.2222222222222222,33.0,1.0,6.0,0.2,0.625,0.0,4.0,2.0,3.0,3.0,2.0,4.0,13.0,0.4,0.3333333333333333,1.0,27.0,0.3142857142857143,0.3209876543209876,0.0,12.0,,1.0,12.0,22.0,12.0,82.0,0.6142857142857143,0.1666666666666666,1.0,2.0,2.0,0.0,2.0,7.5,9.0,12.0,0.25,15.0,12.0,20.0,22.0,0.0909090909090909,24.0,8.0,8.0,12.0,0.3333333333333333,16.0,47.5,69.0,82.0,0.1585365853658536,95.0,178,25,False,False
BV-6,QAOA-P1-10,0.455026455026455,0.8754058972371546,14.5,13.0,21.0,0.3809523809523809,29.0,1.0,8.0,0.25,0.5208333333333334,0.0,6.0,4.0,3.0,5.0,4.0,6.0,21.0,0.5,0.2666666666666666,0.6666666666666666,21.0,0.3829787234042553,0.3571428571428571,0.0,10.0,18.0,1.0,10.0,18.0,10.0,57.0,0.5531914893617021,0.2,11.0,14.0,18.0,0.2222222222222222,22.0,7.5,5.0,10.0,0.5,15.0,11.0,14.0,18.0,0.2222222222222222,22.0,8.0,4.0,10.0,0.6,16.0,39.0,36.0,57.0,0.3684210526315789,78.0,179,18,False,False
QAOA-R3-6,QSVM-10,0.573268921095008,0.915822704205652,22.0,2.0,23.0,0.9130434782608696,44.0,0.6666666666666666,21.0,0.4615384615384615,0.5,0.0,6.0,18.0,1.0,6.0,18.0,6.0,45.0,0.4615384615384615,0.6,1.0,23.0,0.3103448275862069,0.3739130434782609,0.0,10.0,,1.0,10.0,18.0,10.0,68.0,0.603448275862069,0.2,9.0,18.0,18.0,0.0,18.0,8.0,4.0,10.0,0.6,16.0,18.0,0.0,18.0,1.0,36.0,8.0,4.0,10.0,0.6,16.0,56.5,23.0,68.0,0.6617647058823529,113.0,180,3,False,False
GHZ-12,QAOA-R3-4,0.4232804232804233,0.8382235728990675,17.0,8.0,21.0,0.6190476190476191,34.0,1.0,13.0,0.9166666666666666,0.2243589743589743,0.0,12.0,11.0,1.0,12.0,11.0,12.0,24.0,0.0,0.1666666666666666,1.0,21.0,0.4615384615384615,0.5,0.0,4.0,12.0,1.0,4.0,12.0,4.0,30.0,0.1923076923076923,1.0,11.5,1.0,12.0,0.9166666666666666,23.0,8.0,8.0,12.0,0.3333333333333333,16.0,11.5,1.0,12.0,0.9166666666666666,23.0,8.0,8.0,12.0,0.3333333333333333,16.0,27.0,6.0,30.0,0.8,54.0,181,25,True,False
GHZ-10,QAOA-R3-6,0.4162257495590829,0.858054554752206,16.0,10.0,21.0,0.5238095238095238,32.0,1.0,11.0,0.9,0.2636363636363636,0.0,10.0,9.0,1.0,10.0,9.0,10.0,20.0,0.0,0.2,0.6666666666666666,21.0,0.4615384615384615,0.5,0.0,6.0,18.0,1.0,6.0,18.0,6.0,45.0,0.4615384615384615,0.6,13.5,9.0,18.0,0.5,27.0,8.0,4.0,10.0,0.6,16.0,13.5,9.0,18.0,0.5,27.0,8.0,4.0,10.0,0.6,16.0,32.5,25.0,45.0,0.4444444444444444,65.0,182,23,False,False
GHZ-8,W-STATE-8,0.4531590413943355,0.7853582883110519,13.0,8.0,17.0,0.5294117647058824,26.0,1.0,9.0,0.875,0.3194444444444444,0.0,8.0,7.0,1.0,8.0,7.0,8.0,16.0,0.0,0.25,0.5714285714285714,17.0,0.5,0.3676470588235294,0.0,8.0,7.0,1.0,8.0,14.0,8.0,36.0,0.3928571428571429,0.25,7.0,0.0,7.0,1.0,14.0,8.0,0.0,8.0,1.0,16.0,10.5,7.0,14.0,0.5,21.0,8.0,0.0,8.0,1.0,16.0,26.0,20.0,36.0,0.4444444444444444,52.0,183,31,False,False
QAOA-P1-6,VQE-1-10,0.4691358024691358,0.8663158828919457,15.0,6.0,18.0,0.6666666666666666,30.0,1.0,18.0,0.3703703703703703,0.3981481481481481,0.0,6.0,10.0,1.0,6.0,10.0,6.0,33.0,0.3333333333333333,0.3333333333333333,1.0,12.0,0.3103448275862069,0.4,0.0,10.0,9.0,1.0,10.0,9.0,10.0,39.0,0.5862068965517242,0.2,9.5,1.0,10.0,0.9,19.0,8.0,4.0,10.0,0.6,16.0,9.5,1.0,10.0,0.9,19.0,8.0,4.0,10.0,0.6,16.0,36.0,6.0,39.0,0.8461538461538461,72.0,184,19,False,False
QAOA-R3-4,QSVM-12,0.5596707818930041,0.8518790344974283,24.0,6.0,27.0,0.7777777777777778,48.0,1.0,21.0,0.4615384615384615,0.5,0.0,4.0,12.0,1.0,4.0,12.0,4.0,30.0,0.1923076923076923,1.0,1.0,27.0,0.3142857142857143,0.3209876543209876,0.0,12.0,,1.0,12.0,22.0,12.0,82.0,0.6142857142857143,0.1666666666666666,6.0,12.0,12.0,0.0,12.0,8.0,8.0,12.0,0.3333333333333333,16.0,17.0,10.0,22.0,0.5454545454545454,34.0,8.0,8.0,12.0,0.3333333333333333,16.0,56.0,52.0,82.0,0.3658536585365853,112.0,185,8,False,False
QAOA-P1-6,QAOA-P1-10,0.5608465608465609,0.92646379320635,19.5,3.0,21.0,0.8571428571428571,39.0,1.0,18.0,0.3703703703703703,0.3981481481481481,0.0,6.0,10.0,1.0,6.0,10.0,6.0,33.0,0.3333333333333333,0.3333333333333333,0.6666666666666666,21.0,0.3829787234042553,0.3571428571428571,0.0,10.0,18.0,1.0,10.0,18.0,10.0,57.0,0.5531914893617021,0.2,14.0,8.0,18.0,0.5555555555555556,28.0,8.0,4.0,10.0,0.6,16.0,14.0,8.0,18.0,0.5555555555555556,28.0,8.0,4.0,10.0,0.6,16.0,45.0,24.0,57.0,0.5789473684210527,90.0,186,4,False,False
QSVM-6,W-STATE-10,0.5291005291005291,0.8046429980468721,18.0,6.0,21.0,0.7142857142857143,36.0,1.0,15.0,0.2941176470588235,0.5555555555555556,0.0,6.0,,1.0,6.0,10.0,6.0,40.0,0.5588235294117647,0.3333333333333333,0.5555555555555556,21.0,0.5,0.3047619047619048,0.0,10.0,9.0,1.0,10.0,18.0,10.0,46.0,0.4166666666666666,0.2,4.5,9.0,9.0,0.0,9.0,8.0,4.0,10.0,0.6,16.0,14.0,8.0,18.0,0.5555555555555556,28.0,8.0,4.0,10.0,0.6,16.0,43.0,6.0,46.0,0.8695652173913043,86.0,187,14,False,False
QAOA-R3-12,QSVM-4,0.50480109739369,0.8581197203939339,19.0,16.0,27.0,0.4074074074074074,38.0,0.4444444444444444,27.0,0.4615384615384615,0.3888888888888889,0.0,12.0,36.0,1.0,12.0,36.0,12.0,90.0,0.6538461538461539,0.2727272727272727,1.0,11.0,0.2727272727272727,0.7272727272727273,0.0,4.0,,1.0,4.0,6.0,4.0,26.0,0.5,0.5,18.0,36.0,36.0,0.0,36.0,8.0,8.0,12.0,0.3333333333333333,16.0,21.0,30.0,36.0,0.1666666666666666,42.0,8.0,8.0,12.0,0.3333333333333333,16.0,58.0,64.0,90.0,0.2888888888888888,116.0,188,16,False,False
TL-1-12,W-STATE-4,0.5333333333333333,0.8592617275392437,12.0,6.0,15.0,0.6,24.0,1.0,15.0,0.3333333333333333,0.3333333333333333,0.0,12.0,,1.0,12.0,12.0,12.0,48.0,0.5833333333333333,0.1818181818181818,0.6666666666666666,9.0,0.5,0.6111111111111112,0.0,4.0,3.0,1.0,4.0,6.0,4.0,16.0,0.25,0.5,1.5,3.0,3.0,0.0,3.0,8.0,8.0,12.0,0.3333333333333333,16.0,9.0,6.0,12.0,0.5,18.0,8.0,8.0,12.0,0.3333333333333333,16.0,32.0,32.0,48.0,0.3333333333333333,64.0,189,11,False,False
QAOA-R3-10,VQE-1-6,0.4296296296296296,0.8681629543571276,19.0,22.0,30.0,0.2666666666666666,38.0,0.6,30.0,0.4615384615384615,0.35,0.0,10.0,30.0,1.0,10.0,30.0,10.0,75.0,0.5384615384615384,0.3333333333333333,1.0,8.0,0.2941176470588235,0.5833333333333334,0.0,6.0,5.0,1.0,6.0,5.0,6.0,23.0,0.5294117647058824,0.3333333333333333,17.5,25.0,30.0,0.1666666666666666,35.0,8.0,4.0,10.0,0.6,16.0,17.5,25.0,30.0,0.1666666666666666,35.0,8.0,4.0,10.0,0.6,16.0,49.0,52.0,75.0,0.3066666666666666,98.0,190,20,False,False
BV-10,QAOA-P1-6,0.4279835390946502,0.8490673371270565,14.0,8.0,18.0,0.5555555555555556,28.0,1.0,10.0,0.2307692307692307,0.41,0.0,10.0,6.0,5.0,9.0,6.0,10.0,35.0,0.6153846153846154,0.1333333333333333,1.0,18.0,0.3703703703703703,0.3981481481481481,0.0,6.0,10.0,1.0,6.0,10.0,6.0,33.0,0.3333333333333333,0.3333333333333333,8.0,4.0,10.0,0.6,16.0,7.5,3.0,9.0,0.6666666666666666,15.0,8.0,4.0,10.0,0.6,16.0,8.0,4.0,10.0,0.6,16.0,34.0,2.0,35.0,0.9428571428571428,68.0,191,23,False,False
BV-10,QSVM-6,0.4691358024691358,0.8561330760601612,12.5,5.0,15.0,0.6666666666666666,25.0,1.0,10.0,0.2307692307692307,0.41,0.0,10.0,6.0,5.0,9.0,6.0,10.0,35.0,0.6153846153846154,0.1333333333333333,1.0,15.0,0.2941176470588235,0.5555555555555556,0.0,6.0,,1.0,6.0,10.0,6.0,40.0,0.5588235294117647,0.3333333333333333,3.0,6.0,6.0,0.0,6.0,7.5,3.0,9.0,0.6666666666666666,15.0,8.0,4.0,10.0,0.6,16.0,8.0,4.0,10.0,0.6,16.0,37.5,5.0,40.0,0.875,75.0,192,21,False,False
BV-6,VQE-1-10,0.5185185185185185,0.831907082871546,10.0,4.0,12.0,0.6666666666666666,20.0,1.0,8.0,0.25,0.5208333333333334,0.0,6.0,4.0,3.0,5.0,4.0,6.0,21.0,0.5,0.2666666666666666,1.0,12.0,0.3103448275862069,0.4,0.0,10.0,9.0,1.0,10.0,9.0,10.0,39.0,0.5862068965517242,0.2,6.5,5.0,9.0,0.4444444444444444,13.0,7.5,5.0,10.0,0.5,15.0,6.5,5.0,9.0,0.4444444444444444,13.0,8.0,4.0,10.0,0.6,16.0,30.0,18.0,39.0,0.5384615384615384,60.0,193,15,False,True
VQE-1-4,VQE-1-12,0.5079365079365079,0.7833699365544168,10.0,8.0,14.0,0.4285714285714285,20.0,1.0,6.0,0.2727272727272727,0.75,0.0,4.0,3.0,1.0,4.0,3.0,4.0,15.0,0.4545454545454546,0.5,1.0,14.0,0.3142857142857143,0.3452380952380952,0.0,12.0,11.0,1.0,12.0,11.0,12.0,47.0,0.6,0.1666666666666666,7.0,8.0,11.0,0.2727272727272727,14.0,8.0,8.0,12.0,0.3333333333333333,16.0,7.0,8.0,11.0,0.2727272727272727,14.0,8.0,8.0,12.0,0.3333333333333333,16.0,31.0,32.0,47.0,0.3191489361702128,62.0,194,21,False,False
BV-4,QAOA-R3-12,0.4773662551440329,0.8362969484161347,16.5,21.0,27.0,0.2222222222222222,33.0,1.0,6.0,0.2,0.625,0.0,4.0,2.0,3.0,3.0,2.0,4.0,13.0,0.4,0.3333333333333333,0.4444444444444444,27.0,0.4615384615384615,0.3888888888888889,0.0,12.0,36.0,1.0,12.0,36.0,12.0,90.0,0.6538461538461539,0.2727272727272727,19.0,34.0,36.0,0.0555555555555555,38.0,7.5,9.0,12.0,0.25,15.0,19.0,34.0,36.0,0.0555555555555555,38.0,8.0,8.0,12.0,0.3333333333333333,16.0,51.5,77.0,90.0,0.1444444444444444,103.0,195,24,False,False
QAOA-R3-6,TL-1-10,0.4514991181657848,0.9402257716203216,17.0,8.0,21.0,0.6190476190476191,34.0,0.6666666666666666,21.0,0.4615384615384615,0.5,0.0,6.0,18.0,1.0,6.0,18.0,6.0,45.0,0.4615384615384615,0.6,1.0,13.0,0.3333333333333333,0.3846153846153846,0.0,10.0,,1.0,10.0,10.0,10.0,40.0,0.5666666666666667,0.2222222222222222,9.0,18.0,18.0,0.0,18.0,8.0,4.0,10.0,0.6,16.0,14.0,8.0,18.0,0.5555555555555556,28.0,8.0,4.0,10.0,0.6,16.0,42.5,5.0,45.0,0.8888888888888888,85.0,196,8,False,False
QSVM-6,TL-1-10,0.5432098765432098,0.9433396681037488,14.0,2.0,15.0,0.8666666666666667,28.0,1.0,15.0,0.2941176470588235,0.5555555555555556,0.0,6.0,,1.0,6.0,10.0,6.0,40.0,0.5588235294117647,0.3333333333333333,1.0,13.0,0.3333333333333333,0.3846153846153846,0.0,10.0,,1.0,10.0,10.0,10.0,40.0,0.5666666666666667,0.2222222222222222,0.0,0.0,0.0,1.0,0.0,8.0,4.0,10.0,0.6,16.0,10.0,0.0,10.0,1.0,20.0,8.0,4.0,10.0,0.6,16.0,40.0,0.0,40.0,1.0,80.0,197,4,False,False
